tag,stem,mode,bucket,n_steps,bright_threshold,calibration_start,calibration_stop,target_step_source,pixel_mae_ratio,corr_mean,slope_mean,corr_naive_mean,corr_p95,slope_p95,corr_naive_p95,corr_bright_frac90,slope_bright_frac90,corr_naive_bright_frac90
convlstm_multichannel_delta,GRA29_C20_25deg_particle1,next_frame,all,3000,0.53857421875,0,4,target_steps,0.794059693813324,0.9999980464732539,0.9999916677929785,0.9999971320208509,0.9999950524690655,0.9995650466711262,0.9999920182767296,0.9999893935000643,0.9985977599475889,0.9999895009577281
convlstm_multichannel_delta,GRA29_C20_25deg_particle2,next_frame,all,3000,0.65234375,0,4,target_steps,0.7989741563796997,0.9999958090913459,1.0002249059460613,0.9999914006323228,0.9999850329040508,0.9995250855646797,0.999971014709949,0.9999813307349611,0.9990791812564657,0.9999701944081756
convlstm_multichannel_delta,GRA29_C20_25deg_particle3,next_frame,all,3000,0.751953125,0,4,target_steps,0.8021669983863831,0.9999954317371152,0.9999884489607692,0.999992088487572,0.9999904140717435,0.9993758891224549,0.9999852791896269,0.999988537703017,1.0006009377766951,0.9999710484527436
convlstm_multichannel_delta,GRA29_C20_25deg_particle4,next_frame,all,3000,1.083984375,0,4,target_steps,0.8301011919975281,0.9999881867030719,0.9999794749521749,0.9999809784259559,0.9999754592885587,0.9995204271626058,0.9999632665967104,0.9999582513797677,0.9996232919381148,0.999932770201435
convlstm_multichannel_delta,GRA29_C20_45deg_particle1,next_frame,all,3000,0.52294921875,0,4,target_steps,0.8350529074668884,0.9999950438919085,1.000308251374734,0.9999923763267862,0.9999842245316595,0.9991906388151285,0.9999762832844239,0.999983174284569,0.998355349964832,0.9999857109071019
convlstm_multichannel_delta,GRA29_C20_45deg_particle2,next_frame,all,3000,0.417724609375,0,4,target_steps,0.9314836859703064,0.9999758643456222,1.0001971175226358,0.9999688191591526,0.9999203733130871,1.0003259745035253,0.9999221397659214,0.9999460943041468,0.9993032945237093,0.9999492261141468
convlstm_multichannel_delta,GRA29_C20_45deg_particle3,next_frame,all,3000,0.8026855468750007,0,4,target_steps,0.8188939094543457,0.9999867828864659,1.0003181819464375,0.9999794776298374,0.9999797043740181,0.999626966662949,0.9999746506361192,0.999958918957994,1.0004492894283734,0.9999308359547929
convlstm_multichannel_delta,GRA29_C20_45deg_particle4,next_frame,all,3000,1.203125,0,4,target_steps,0.8422413468360901,0.9996014509210119,1.0001948680788009,0.9995087845105449,0.9992663924494614,0.9997504978137471,0.9991510932904322,0.999850013455375,0.9997171306147542,0.9997775798897593
convlstm_multichannel_delta,GRA29_C20_25deg_particle1,rollout,0-32,32,0.53857421875,0,4,target_steps,1.2964211702346802,-0.5433401022720981,-0.04113703459327525,nan,0.4081792554757799,0.024809250684458613,nan,-0.3455610991082672,-0.03338610962194795,nan
convlstm_multichannel_delta,GRA29_C20_25deg_particle1,rollout,32-128,96,0.53857421875,0,4,target_steps,2.4190828800201416,-0.8770970328127661,-0.06160148779779357,nan,-0.8053531754075723,-0.052537597343591445,nan,-0.7324252074437613,-0.31861228532473074,nan
convlstm_multichannel_delta,GRA29_C20_25deg_particle1,rollout,128-256,128,0.53857421875,0,4,target_steps,2.6490681171417236,-0.9558050916915128,-0.4031797151294201,nan,-0.9358530805086962,-0.346580482867379,nan,0.9271326834808351,1.995916488287434,nan
convlstm_multichannel_delta,GRA29_C20_25deg_particle1,rollout,256-512,256,0.53857421875,0,4,target_steps,4.009182453155518,0.9693111024714087,0.2647763593275954,nan,-0.9420485524701455,-0.14423573874538897,nan,-0.9129528487007655,-1.5821708919904918,nan
convlstm_multichannel_delta,GRA29_C20_25deg_particle2,rollout,0-32,32,0.65234375,0,4,target_steps,1.096394658088684,-0.14350484762666257,-0.009939187215571143,nan,0.263901884919393,0.03426597864261706,nan,-0.3997608159937711,-0.07754298644855818,nan
convlstm_multichannel_delta,GRA29_C20_25deg_particle2,rollout,32-128,96,0.65234375,0,4,target_steps,2.0670173168182373,-0.3383979361134612,-0.012765752536292798,nan,0.7374440742127166,0.06511391155844078,nan,-0.351459287190931,-0.11905458067958373,nan
convlstm_multichannel_delta,GRA29_C20_25deg_particle2,rollout,128-256,128,0.65234375,0,4,target_steps,2.1232070922851562,-0.9581948273627481,-0.22324881513459705,nan,0.7983728976499121,0.10675068903001655,nan,0.6211233350918444,1.3871036172897384,nan
convlstm_multichannel_delta,GRA29_C20_25deg_particle2,rollout,256-512,256,0.65234375,0,4,target_steps,2.258906602859497,0.8331145793669236,0.15433975035052164,nan,0.8539373560725702,0.10410048678159667,nan,0.6327018325354612,11.620318287027244,nan
convlstm_multichannel_delta,GRA29_C20_25deg_particle3,rollout,0-32,32,0.751953125,0,4,target_steps,0.989829421043396,-0.5187812684959576,-0.058578569411233794,nan,0.33826774996603104,0.060526840846956996,nan,0.1813160282201978,0.02843872229465389,nan
convlstm_multichannel_delta,GRA29_C20_25deg_particle3,rollout,32-128,96,0.751953125,0,4,target_steps,2.150082588195801,-0.859357346354462,-0.10180291724669263,nan,0.6561807057843527,0.08346159860395197,nan,-0.2124950799014369,-0.025338107122539158,nan
convlstm_multichannel_delta,GRA29_C20_25deg_particle3,rollout,128-256,128,0.751953125,0,4,target_steps,2.576486587524414,-0.896264798525474,-0.7176883743661789,nan,0.8648854630415159,0.19602963234905912,nan,-0.7976438452133447,-0.5119702680804518,nan
convlstm_multichannel_delta,GRA29_C20_25deg_particle3,rollout,256-512,256,0.751953125,0,4,target_steps,2.8177242279052734,0.9944359489940524,0.2384660730773937,nan,0.9542436176329854,0.23099248558065855,nan,0.9282544297173138,1.6136688376961166,nan
convlstm_multichannel_delta,GRA29_C20_25deg_particle4,rollout,0-32,32,1.083984375,0,4,target_steps,0.9619974493980408,-0.7666631955347587,-0.16258905744781102,nan,-0.03248811242250199,-0.020279442527368744,nan,-0.20362885449418835,-0.09912247498461386,nan
convlstm_multichannel_delta,GRA29_C20_25deg_particle4,rollout,32-128,96,1.083984375,0,4,target_steps,1.7316397428512573,-0.7338323601488288,-0.11699994219480966,nan,0.7618326632285477,0.5133456800878359,nan,0.39118988847255515,0.21249555980057713,nan
convlstm_multichannel_delta,GRA29_C20_25deg_particle4,rollout,128-256,128,1.083984375,0,4,target_steps,1.726697325706482,0.725582141098573,0.6050801337656779,nan,0.9412596862119199,1.3910381382914936,nan,0.783163326553485,0.8644663962164936,nan
convlstm_multichannel_delta,GRA29_C20_25deg_particle4,rollout,256-512,256,1.083984375,0,4,target_steps,1.5805426836013794,0.8927114357133981,0.2947689432025157,nan,0.9449186005153865,0.6024976193805488,nan,0.9563931664061498,0.991122457868939,nan
convlstm_multichannel_delta,GRA29_C20_45deg_particle1,rollout,0-32,32,0.52294921875,0,4,target_steps,1.657092809677124,0.2970791091132489,0.015497282245206414,nan,0.7471957476739676,0.05892352639817646,nan,0.6090552445895729,0.053090040175538644,nan
convlstm_multichannel_delta,GRA29_C20_45deg_particle1,rollout,32-128,96,0.52294921875,0,4,target_steps,4.814215183258057,0.2864814531003617,0.007973618643259227,nan,-0.22889230406819933,-0.008194105594317788,nan,0.24020444692793783,0.049486720385268,nan
convlstm_multichannel_delta,GRA29_C20_45deg_particle1,rollout,128-256,128,0.52294921875,0,4,target_steps,7.150111198425293,0.1613600608795281,0.009263229563355412,nan,-0.14968883981114134,-0.013495533066159502,nan,-0.15324972100733733,-0.12244454601907158,nan
convlstm_multichannel_delta,GRA29_C20_45deg_particle1,rollout,256-512,256,0.52294921875,0,4,target_steps,9.690235137939453,0.9610466900503128,0.19813726180177438,nan,-0.9550884866484558,-0.10930755845657361,nan,-0.9616163021370726,-0.8085184632244541,nan
convlstm_multichannel_delta,GRA29_C20_45deg_particle2,rollout,0-32,32,0.417724609375,0,4,target_steps,2.2804315090179443,0.1958522289960798,0.01763784738834601,nan,-0.1942925186579281,-0.016658791645465267,nan,-0.28859453872315327,-0.02166327166327244,nan
convlstm_multichannel_delta,GRA29_C20_45deg_particle2,rollout,32-128,96,0.417724609375,0,4,target_steps,6.224995136260986,0.37397118466970913,0.017925880034035727,nan,-0.26415969032008807,-0.012683383393098317,nan,-0.06942820039548894,-0.026344033895970533,nan
convlstm_multichannel_delta,GRA29_C20_45deg_particle2,rollout,128-256,128,0.417724609375,0,4,target_steps,8.034941673278809,0.08355539582823678,0.010346999430475463,nan,0.15868458151688827,0.016645614051502094,nan,nan,nan,nan
convlstm_multichannel_delta,GRA29_C20_45deg_particle2,rollout,256-512,256,0.417724609375,0,4,target_steps,10.364293098449707,0.9491524815789474,0.23307977429511048,nan,0.9248216496515512,0.16291569718341065,nan,-0.72888159018553,-104.85071102212383,nan
convlstm_multichannel_delta,GRA29_C20_45deg_particle3,rollout,0-32,32,0.8026855468750007,0,4,target_steps,1.122388482093811,0.45152692025810015,0.033591891790508276,nan,0.34418295172702185,0.048305084787358385,nan,0.5583909542918606,0.06597825387634222,nan
convlstm_multichannel_delta,GRA29_C20_45deg_particle3,rollout,32-128,96,0.8026855468750007,0,4,target_steps,2.9378039836883545,0.822751947127515,0.06290639903158818,nan,0.2501494168412001,0.020275324167115038,nan,0.7178947332122839,0.07438465783734576,nan
convlstm_multichannel_delta,GRA29_C20_45deg_particle3,rollout,128-256,128,0.8026855468750007,0,4,target_steps,4.3099260330200195,0.7114405567290211,0.16539679285276232,nan,0.12829267830282362,0.019282140522504702,nan,0.5316987742468664,0.30604526883325867,nan
convlstm_multichannel_delta,GRA29_C20_45deg_particle3,rollout,256-512,256,0.8026855468750007,0,4,target_steps,4.843299388885498,0.9853877390597574,0.43921386836403065,nan,0.9500378865696831,0.23340029818774496,nan,0.9404499053330895,1.718441478747275,nan
convlstm_multichannel_delta,GRA29_C20_45deg_particle4,rollout,0-32,32,1.203125,0,4,target_steps,0.9359330534934998,0.5580304715174517,0.054791378615328276,nan,0.5906335930975483,0.16631558883100744,nan,0.5842439210581307,0.18539600730689004,nan
convlstm_multichannel_delta,GRA29_C20_45deg_particle4,rollout,32-128,96,1.203125,0,4,target_steps,2.099766492843628,-0.026910154302575654,-0.0030831950141140614,nan,0.0008557930513310831,0.0003095593414504634,nan,0.14762742853185853,0.05391360117526988,nan
convlstm_multichannel_delta,GRA29_C20_45deg_particle4,rollout,128-256,128,1.203125,0,4,target_steps,3.5246055126190186,-0.1327017153853453,-0.12389207402068286,nan,0.0015565186905153483,0.001967885210748605,nan,-0.1048186821027476,-0.08777371583614967,nan
convlstm_multichannel_delta,GRA29_C20_45deg_particle4,rollout,256-512,256,1.203125,0,4,target_steps,4.875911712646484,0.9687951128023303,0.36420206791259235,nan,0.9653006814658263,0.6178212227312639,nan,nan,nan,nan
predrnnpp_image_only_delta,GRA29_C20_25deg_particle1,next_frame,all,3000,0.53857421875,0,4,target_steps,0.7850965857505798,0.9999984848542759,0.9999636486958832,0.9999971320208509,0.9999961792668433,1.0003839807764188,0.9999920182767296,0.9999907672951003,0.9986350761156364,0.9999895009577281
predrnnpp_image_only_delta,GRA29_C20_25deg_particle2,next_frame,all,3000,0.65234375,0,4,target_steps,0.7880725860595703,0.9999968540610296,1.0003251361175176,0.9999914006323228,0.9999879328217051,1.0001684170388474,0.999971014709949,0.9999737148387134,0.9968955376429854,0.9999701944081756
predrnnpp_image_only_delta,GRA29_C20_25deg_particle3,next_frame,all,3000,0.751953125,0,4,target_steps,0.7958601713180542,0.9999953842425128,0.9999777514123688,0.999992088487572,0.9999904230913876,1.000153155546172,0.9999852791896269,0.9999864790907582,1.0001273863190938,0.9999710484527436
predrnnpp_image_only_delta,GRA29_C20_25deg_particle4,next_frame,all,3000,1.083984375,0,4,target_steps,0.8132233023643494,0.9999860594694031,1.0000884332261362,0.9999809784259559,0.9999748145278206,0.9998949050944158,0.9999632665967104,0.99994522350453,0.9985497390019815,0.999932770201435
predrnnpp_image_only_delta,GRA29_C20_45deg_particle1,next_frame,all,3000,0.52294921875,0,4,target_steps,0.8191168904304504,0.9999949885756999,0.9996280837420259,0.9999923763267862,0.9999884262808029,0.99933669575462,0.9999762832844239,0.9999869219329046,0.9992015648378814,0.9999857109071019
predrnnpp_image_only_delta,GRA29_C20_45deg_particle2,next_frame,all,3000,0.417724609375,0,4,target_steps,0.8337836861610413,0.999976945825793,0.998863261210986,0.9999688191591526,0.9999257628552087,0.9992645274421803,0.9999221397659214,0.9999227678552285,0.9951899228093796,0.9999492261141468
predrnnpp_image_only_delta,GRA29_C20_45deg_particle3,next_frame,all,3000,0.8026855468750007,0,4,target_steps,0.8088008165359497,0.999987236282154,0.9996481498547088,0.9999794776298374,0.9999816063859841,0.9997531207277066,0.9999746506361192,0.9999540477172669,1.0000854836754318,0.9999308359547929
predrnnpp_image_only_delta,GRA29_C20_45deg_particle4,next_frame,all,3000,1.203125,0,4,target_steps,0.8271093964576721,0.9995882467134315,1.0001635506695432,0.9995087845105449,0.9992569987141048,0.9999493954732949,0.9991510932904322,0.9998362373872175,0.9988551434118489,0.9997775798897593
predrnnpp_image_only_delta,GRA29_C20_25deg_particle1,rollout,0-32,32,0.53857421875,0,4,target_steps,1.6398097276687622,-0.5213723852351452,-0.03815040849459104,nan,0.4007292613933827,0.07255615868370267,nan,-0.31767705428793624,-0.06452990023316266,nan
predrnnpp_image_only_delta,GRA29_C20_25deg_particle1,rollout,32-128,96,0.53857421875,0,4,target_steps,5.3265862464904785,-0.8783419079466487,-0.028721426733107718,nan,-0.8071549335734293,-0.1308434909588222,nan,-0.725910606332168,-0.28471042390501083,nan
predrnnpp_image_only_delta,GRA29_C20_25deg_particle1,rollout,128-256,128,0.53857421875,0,4,target_steps,9.654962539672852,-0.9789758058363079,-0.05053615661532175,nan,0.9186291883030401,0.13726486741199487,nan,0.9704814222121696,0.7873104238786381,nan
predrnnpp_image_only_delta,GRA29_C20_25deg_particle1,rollout,256-512,256,0.53857421875,0,4,target_steps,18.06049919128418,0.8715033720918675,0.04559667517610948,nan,-0.8458769916345941,-0.08910863993892126,nan,-0.7470004670609743,-1.6034369190583684,nan
predrnnpp_image_only_delta,GRA29_C20_25deg_particle2,rollout,0-32,32,0.65234375,0,4,target_steps,1.513205647468567,-0.13112155779926885,-0.008253161733100596,nan,0.26573971453285194,0.03671512357241555,nan,-0.3848188782279478,-0.07809540070813627,nan
predrnnpp_image_only_delta,GRA29_C20_25deg_particle2,rollout,32-128,96,0.65234375,0,4,target_steps,4.868336200714111,-0.3570750384450394,-0.005761540993941329,nan,0.7222810284990528,0.03430623853153302,nan,-0.35264234544218703,-0.08456082956724659,nan
predrnnpp_image_only_delta,GRA29_C20_25deg_particle2,rollout,128-256,128,0.65234375,0,4,target_steps,7.480002403259277,-0.9685920826064521,-0.03675629511796374,nan,0.7992577020358544,0.03321417194517885,nan,nan,nan,nan
predrnnpp_image_only_delta,GRA29_C20_25deg_particle2,rollout,256-512,256,0.65234375,0,4,target_steps,10.203530311584473,0.6538268924673699,0.0577546058207828,nan,0.7262030644415578,0.05926995344424221,nan,nan,nan,nan
predrnnpp_image_only_delta,GRA29_C20_25deg_particle3,rollout,0-32,32,0.751953125,0,4,target_steps,1.2654662132263184,-0.4973072923293032,-0.0450449304405933,nan,0.326779009872616,0.06879096093148002,nan,0.1472182190351753,0.030083403643202406,nan
predrnnpp_image_only_delta,GRA29_C20_25deg_particle3,rollout,32-128,96,0.751953125,0,4,target_steps,4.513144016265869,-0.8503073488414374,-0.029077735631988535,nan,0.6533245324866261,0.040836652450243566,nan,-0.26292959979438585,-0.014154835506738532,nan
predrnnpp_image_only_delta,GRA29_C20_25deg_particle3,rollout,128-256,128,0.751953125,0,4,target_steps,8.608133316040039,-0.9080258345885819,-0.02616326936518918,nan,0.871092567417979,0.03920260590485405,nan,-0.7249980452471345,-0.5144616934659207,nan
predrnnpp_image_only_delta,GRA29_C20_25deg_particle3,rollout,256-512,256,0.751953125,0,4,target_steps,12.132111549377441,0.9014705646825587,0.08378439824894732,nan,0.8440104093585944,0.1007382836963156,nan,nan,nan,nan
predrnnpp_image_only_delta,GRA29_C20_25deg_particle4,rollout,0-32,32,1.083984375,0,4,target_steps,1.4827685356140137,-0.7622981394844641,-0.12289757695937044,nan,-0.026601049553930795,-0.004991606445619176,nan,-0.2226639271794682,-0.03220266011550914,nan
predrnnpp_image_only_delta,GRA29_C20_25deg_particle4,rollout,32-128,96,1.083984375,0,4,target_steps,4.768194198608398,-0.7073308315287549,-0.03223633514878936,nan,0.779001735675973,0.08764924166609966,nan,0.3017808611027258,0.042704476434039136,nan
predrnnpp_image_only_delta,GRA29_C20_25deg_particle4,rollout,128-256,128,1.083984375,0,4,target_steps,7.2906670570373535,0.8210117308644708,0.02964056683797997,nan,0.9403159516280187,0.11417305552728176,nan,nan,nan,nan
predrnnpp_image_only_delta,GRA29_C20_25deg_particle4,rollout,256-512,256,1.083984375,0,4,target_steps,9.664276123046875,0.9916359103013863,0.09867655529666906,nan,0.9770707270251716,0.15828358423630623,nan,nan,nan,nan
predrnnpp_image_only_delta,GRA29_C20_45deg_particle1,rollout,0-32,32,0.52294921875,0,4,target_steps,2.0453083515167236,0.314896304202876,0.020519703152817526,nan,-0.7630202201025592,-0.7897489050933757,nan,0.5766102004112266,0.2690090057109439,nan
predrnnpp_image_only_delta,GRA29_C20_45deg_particle1,rollout,32-128,96,0.52294921875,0,4,target_steps,10.72119426727295,0.28701001389015757,0.006347311671835017,nan,0.26202670052165417,0.006940462047257079,nan,-0.25671656145002814,-0.02608982229283483,nan
predrnnpp_image_only_delta,GRA29_C20_45deg_particle1,rollout,128-256,128,0.52294921875,0,4,target_steps,25.979225158691406,0.16370785309952196,0.0059235771534700875,nan,0.10697612309220753,0.000831299758728031,nan,-0.07775571048806741,-0.005815850623098208,nan
predrnnpp_image_only_delta,GRA29_C20_45deg_particle1,rollout,256-512,256,0.52294921875,0,4,target_steps,49.64750289916992,-0.9755624530306348,-0.19943889438085058,nan,-0.9401449261876496,-0.008219147493184626,nan,-0.8563614450610528,-0.2651048352559057,nan
predrnnpp_image_only_delta,GRA29_C20_45deg_particle2,rollout,0-32,32,0.417724609375,0,4,target_steps,2.973137140274048,0.20664170492085,0.0054218973344365845,nan,-0.19682856473003132,-0.009269173622497103,nan,-0.29114860219941596,-0.02056011572962084,nan
predrnnpp_image_only_delta,GRA29_C20_45deg_particle2,rollout,32-128,96,0.417724609375,0,4,target_steps,12.75310230255127,0.3678430740000942,0.00407546123849942,nan,-0.2662706241349435,-0.00546873992313265,nan,0.028025648087341,0.1062273526219885,nan
predrnnpp_image_only_delta,GRA29_C20_45deg_particle2,rollout,128-256,128,0.417724609375,0,4,target_steps,22.91518783569336,0.06978897724133198,0.0008689182261081235,nan,0.15582339744118268,0.004940366581686155,nan,nan,nan,nan
predrnnpp_image_only_delta,GRA29_C20_45deg_particle2,rollout,256-512,256,0.417724609375,0,4,target_steps,35.34907531738281,0.8014928855276853,0.02802841809233592,nan,0.862583419791299,0.07216482207812769,nan,nan,nan,nan
predrnnpp_image_only_delta,GRA29_C20_45deg_particle3,rollout,0-32,32,0.8026855468750007,0,4,target_steps,1.35529363155365,0.46435902420800906,0.03592285213945126,nan,0.3518383777758937,0.055721298233117195,nan,0.5654909648646533,0.07712394198560818,nan
predrnnpp_image_only_delta,GRA29_C20_45deg_particle3,rollout,32-128,96,0.8026855468750007,0,4,target_steps,5.597742557525635,0.8324064463881511,0.025964829698892283,nan,0.2672132782591628,0.01099929761017875,nan,0.7394876589951671,0.0530625610556052,nan
predrnnpp_image_only_delta,GRA29_C20_45deg_particle3,rollout,128-256,128,0.8026855468750007,0,4,target_steps,13.351062774658203,0.7115014557748076,0.016168527575027663,nan,0.12444557561269474,0.004445099833465483,nan,0.38370591111539454,0.2865830661889422,nan
predrnnpp_image_only_delta,GRA29_C20_45deg_particle3,rollout,256-512,256,0.8026855468750007,0,4,target_steps,19.50241470336914,0.9085894102574161,0.06602761325458628,nan,0.8932573394544058,0.08231350519019436,nan,nan,nan,nan
predrnnpp_image_only_delta,GRA29_C20_45deg_particle4,rollout,0-32,32,1.203125,0,4,target_steps,1.3786195516586304,0.5809664857773595,0.07272165684341257,nan,0.5738683904182393,0.0988712922575623,nan,0.579011691378478,0.11609082601718061,nan
predrnnpp_image_only_delta,GRA29_C20_45deg_particle4,rollout,32-128,96,1.203125,0,4,target_steps,4.83620023727417,-0.0038419193951254676,-0.00027244707678087413,nan,0.002513438281423936,0.00032037025134470926,nan,0.09325886836505991,0.023039973845361265,nan
predrnnpp_image_only_delta,GRA29_C20_45deg_particle4,rollout,128-256,128,1.203125,0,4,target_steps,10.217331886291504,-0.05748598202564726,-0.004285296285775123,nan,0.031226493185857688,0.005276602380622139,nan,nan,nan,nan
predrnnpp_image_only_delta,GRA29_C20_45deg_particle4,rollout,256-512,256,1.203125,0,4,target_steps,16.614498138427734,0.9004273793281246,0.036738684480213626,nan,0.9485476211100616,0.10719029270190326,nan,nan,nan,nan
unet_image_only_delta,GRA29_C20_25deg_particle1,next_frame,all,3000,0.53857421875,0,4,target_steps,0.7875588536262512,0.9999985782289087,1.0003221005899894,0.9999971320208509,0.9999964330227242,1.0000368851146737,0.9999920182767296,0.9999881579184392,0.9980999330470705,0.9999895009577281
unet_image_only_delta,GRA29_C20_25deg_particle2,next_frame,all,3000,0.65234375,0,4,target_steps,0.7900105118751526,0.9999977518053923,0.9999652666158464,0.9999914006323228,0.9999891164191548,0.9995434791442307,0.999971014709949,0.9999789279823666,0.9974937245731116,0.9999701944081756
unet_image_only_delta,GRA29_C20_25deg_particle3,next_frame,all,3000,0.751953125,0,4,target_steps,0.800239622592926,0.9999969359545933,1.0000363690836453,0.999992088487572,0.9999915605371634,0.9997127953339007,0.9999852791896269,0.9999899403260886,0.999827224002429,0.9999710484527436
unet_image_only_delta,GRA29_C20_25deg_particle4,next_frame,all,3000,1.083984375,0,4,target_steps,0.825025200843811,0.9999949329782434,0.999914078917876,0.9999809784259559,0.9999837742349494,0.9995253230895245,0.9999632665967104,0.9999617154717136,0.9990121417509242,0.999932770201435
unet_image_only_delta,GRA29_C20_45deg_particle1,next_frame,all,3000,0.52294921875,0,4,target_steps,0.8155239224433899,0.9999958662539936,1.0004238784273998,0.9999923763267862,0.9999908467294348,0.9996907958293427,0.9999762832844239,0.9999854346510886,0.9982145525145463,0.9999857109071019
unet_image_only_delta,GRA29_C20_45deg_particle2,next_frame,all,3000,0.417724609375,0,4,target_steps,0.8380865454673767,0.999982510473878,1.0003246793926703,0.9999688191591526,0.9998557459225378,0.9996558914091055,0.9999221397659214,0.9998969173885955,0.999353236565002,0.9999492261141468
unet_image_only_delta,GRA29_C20_45deg_particle3,next_frame,all,3000,0.8026855468750007,0,4,target_steps,0.8190600275993347,0.9999909945842564,1.0002551728962807,0.9999794776298374,0.9999382240826994,0.9994087345174182,0.9999746506361192,0.999953888419625,1.0002656649347805,0.9999308359547929
unet_image_only_delta,GRA29_C20_45deg_particle4,next_frame,all,3000,1.203125,0,4,target_steps,0.8462131023406982,0.9995158953278926,0.9996193892983717,0.9995087845105449,0.999211419688593,0.9987845914399214,0.9991510932904322,0.9998263208037649,0.9995486406498106,0.9997775798897593
unet_image_only_delta,GRA29_C20_25deg_particle1,rollout,0-32,32,0.53857421875,0,4,target_steps,1.1085245609283447,-0.5356950194823931,-0.052128453458785126,nan,0.41646841321073347,0.044671802152162064,nan,-0.3265366765207389,-0.04859380062219964,nan
unet_image_only_delta,GRA29_C20_25deg_particle1,rollout,32-128,96,0.53857421875,0,4,target_steps,2.47977352142334,-0.8797423960453428,-0.05450303827577476,nan,-0.8075589678356185,-0.061284355902144906,nan,-0.7397560300871252,-0.19548322616869981,nan
unet_image_only_delta,GRA29_C20_25deg_particle1,rollout,128-256,128,0.53857421875,0,4,target_steps,3.176940441131592,-0.9796004315628939,-0.11892967008892676,nan,-0.9578370358081105,-0.12819901200629027,nan,-0.90111701956293,-6.812046275731889,nan
unet_image_only_delta,GRA29_C20_25deg_particle1,rollout,256-512,256,0.53857421875,0,4,target_steps,4.217739582061768,0.83192104664874,0.1521140200991003,nan,0.8383729165946034,0.12315196072876106,nan,0.6813385112774114,53.591218130311724,nan
unet_image_only_delta,GRA29_C20_25deg_particle2,rollout,0-32,32,0.65234375,0,4,target_steps,1.009549617767334,-0.13751778002815176,-0.015416922105481448,nan,0.2632809747492139,0.055161707276832644,nan,-0.3973267925589205,-0.11644875437636114,nan
unet_image_only_delta,GRA29_C20_25deg_particle2,rollout,32-128,96,0.65234375,0,4,target_steps,2.1382367610931396,-0.3499462455600488,-0.01469626263935696,nan,0.7313182584782286,0.07769052202453368,nan,-0.34360356502516975,-0.0688237791795876,nan
unet_image_only_delta,GRA29_C20_25deg_particle2,rollout,128-256,128,0.65234375,0,4,target_steps,2.6396734714508057,-0.9695727197872047,-0.11239308112590977,nan,0.8103716825910239,0.08429356791330625,nan,0.409888930337806,1.629418951097286,nan
unet_image_only_delta,GRA29_C20_25deg_particle2,rollout,256-512,256,0.65234375,0,4,target_steps,3.2079429626464844,0.6947459025818009,0.13817169401615725,nan,0.7680037890504897,0.11631782629350716,nan,nan,nan,nan
unet_image_only_delta,GRA29_C20_25deg_particle3,rollout,0-32,32,0.751953125,0,4,target_steps,0.8890791535377502,-0.5078842728999002,-0.08068448228478729,nan,0.32699954547770976,0.0964923023931359,nan,0.1594493097335767,0.0391159662064801,nan
unet_image_only_delta,GRA29_C20_25deg_particle3,rollout,32-128,96,0.751953125,0,4,target_steps,2.184049367904663,-0.8581435709329693,-0.08101744075895775,nan,0.657077778413216,0.10358143869954935,nan,-0.22669903043252182,-0.03128225776555244,nan
unet_image_only_delta,GRA29_C20_25deg_particle3,rollout,128-256,128,0.751953125,0,4,target_steps,3.156712055206299,-0.9070687562682185,-0.10518251097724786,nan,0.8720774957004154,0.13454151841422698,nan,-0.8147467669547216,-0.19846941666043083,nan
unet_image_only_delta,GRA29_C20_25deg_particle3,rollout,256-512,256,0.751953125,0,4,target_steps,3.806962728500366,0.9362055167835238,0.23518524147005668,nan,0.9064059838889562,0.19614119303058444,nan,0.7511261490524553,1.2291058521567535,nan
unet_image_only_delta,GRA29_C20_25deg_particle4,rollout,0-32,32,1.083984375,0,4,target_steps,0.9238168597221375,-0.7641994129881803,-0.18374239988654,nan,-0.03354601942140674,-0.02001027829633931,nan,-0.21900864400366862,-0.09575559223101902,nan
unet_image_only_delta,GRA29_C20_25deg_particle4,rollout,32-128,96,1.083984375,0,4,target_steps,1.9921425580978394,-0.7190825326535346,-0.06575383438203841,nan,0.7777331265594093,0.22018339642611676,nan,0.4466368000581393,0.08804265229048173,nan
unet_image_only_delta,GRA29_C20_25deg_particle4,rollout,128-256,128,1.083984375,0,4,target_steps,2.351578712463379,0.8100227754386595,0.0945579583388043,nan,0.9386659567261451,0.3699230047136864,nan,0.6993902027834988,0.34669151015346206,nan
unet_image_only_delta,GRA29_C20_25deg_particle4,rollout,256-512,256,1.083984375,0,4,target_steps,2.553428888320923,0.9829224305387061,0.23560524011768622,nan,0.9590700450159407,0.27066097060512384,nan,0.43865743042971944,19.627338990426402,nan
unet_image_only_delta,GRA29_C20_45deg_particle1,rollout,0-32,32,0.52294921875,0,4,target_steps,1.4039267301559448,0.31140373188084064,0.02240350041622359,nan,0.7536414871525062,0.09784210014615438,nan,0.6353008838935762,0.08401399825793812,nan
unet_image_only_delta,GRA29_C20_45deg_particle1,rollout,32-128,96,0.52294921875,0,4,target_steps,4.689638614654541,0.28482505674683556,0.007358573761927561,nan,-0.24515851736082508,-0.010750826205741335,nan,0.22842127908416146,0.05320374082872118,nan
unet_image_only_delta,GRA29_C20_45deg_particle1,rollout,128-256,128,0.52294921875,0,4,target_steps,8.857356071472168,0.2128249800804118,0.0034799185693522123,nan,-0.12634592659788077,-0.004207459568049171,nan,0.004013643254254298,0.003437885131202721,nan
unet_image_only_delta,GRA29_C20_45deg_particle1,rollout,256-512,256,0.52294921875,0,4,target_steps,14.1141939163208,0.9534447270087459,0.031235976801902727,nan,0.9224846356255958,0.07711878943136696,nan,-0.6362833880261969,-2.619786655585983,nan
unet_image_only_delta,GRA29_C20_45deg_particle2,rollout,0-32,32,0.417724609375,0,4,target_steps,1.6339375972747803,0.2045459301223051,0.032395548386728874,nan,-0.19765684871498693,-0.03306463156705259,nan,-0.2707359682009164,-0.03734537814319032,nan
unet_image_only_delta,GRA29_C20_45deg_particle2,rollout,32-128,96,0.417724609375,0,4,target_steps,5.2738142013549805,0.36555564389710854,0.023038748169573214,nan,-0.2710599651904931,-0.01926846773687451,nan,-0.08613223416230158,-0.017402206601106935,nan
unet_image_only_delta,GRA29_C20_45deg_particle2,rollout,128-256,128,0.417724609375,0,4,target_steps,9.001086235046387,0.06486069766033534,0.003629480779982069,nan,0.15502792125273093,0.012523413321744337,nan,0.25839694396064344,0.7023157422261463,nan
unet_image_only_delta,GRA29_C20_45deg_particle2,rollout,256-512,256,0.417724609375,0,4,target_steps,14.513689041137695,0.8147574168426434,0.08079765199516109,nan,0.88890023810274,0.08828123876664412,nan,nan,nan,nan
unet_image_only_delta,GRA29_C20_45deg_particle3,rollout,0-32,32,0.8026855468750007,0,4,target_steps,1.0965906381607056,0.4588812939949828,0.06882719615573735,nan,0.34626243924280653,0.09532340303344923,nan,0.5299344526200965,0.14218990563641348,nan
unet_image_only_delta,GRA29_C20_45deg_particle3,rollout,32-128,96,0.8026855468750007,0,4,target_steps,2.7987236976623535,0.8315429467297403,0.08114736069612839,nan,0.244176293591312,0.029516897057316464,nan,0.7736855629991463,0.08236009293651571,nan
unet_image_only_delta,GRA29_C20_45deg_particle3,rollout,128-256,128,0.8026855468750007,0,4,target_steps,4.905563831329346,0.7106256335060692,0.06545487893064748,nan,0.1271986386274411,0.017603518269016193,nan,0.5388740347716742,0.20363546674113628,nan
unet_image_only_delta,GRA29_C20_45deg_particle3,rollout,256-512,256,0.8026855468750007,0,4,target_steps,6.328798770904541,0.9407762905143685,0.16950048605515677,nan,0.9326915815562946,0.16809206409452956,nan,0.9236838354102735,0.8069177252769466,nan
unet_image_only_delta,GRA29_C20_45deg_particle4,rollout,0-32,32,1.203125,0,4,target_steps,0.834141731262207,0.5787418689623534,0.10141590749818506,nan,0.5696101660895516,0.4593148196485605,nan,0.5773092646204606,0.39665851047560724,nan
unet_image_only_delta,GRA29_C20_45deg_particle4,rollout,32-128,96,1.203125,0,4,target_steps,1.7648273706436157,-0.006980355926503354,-0.0007821374397180784,nan,0.010627370177686722,0.004367009942727816,nan,0.14268469146266452,0.06834784033681966,nan
unet_image_only_delta,GRA29_C20_45deg_particle4,rollout,128-256,128,1.203125,0,4,target_steps,3.3097312450408936,-0.07583922294157708,-0.017387411798877036,nan,0.01523460885157539,0.008053962775720288,nan,-0.10284178073114479,-0.09706967356710326,nan
unet_image_only_delta,GRA29_C20_45deg_particle4,rollout,256-512,256,1.203125,0,4,target_steps,4.443147659301758,0.9280114904202198,0.10919325704611331,nan,0.9644624736167787,0.2257186057510432,nan,0.6809752486663024,0.7885116572499097,nan
unet_image_only_delta_anchored,GRA29_C20_25deg_particle1,rollout_anchored,0-32,32,3.748046875,2463,2467,frame_times,1.5312291383743286,0.006114343668620536,0.0010226056638999626,nan,0.3367082829435023,0.24657123062586972,nan,0.20383069564782652,0.10492250661609498,nan
unet_image_only_delta_anchored,GRA29_C20_25deg_particle1,rollout_anchored,32-128,96,3.748046875,2463,2467,frame_times,4.825851917266846,-0.06008951460099666,-0.002287822391812978,nan,-0.22727860420231788,-0.04858977148429798,nan,-0.06990931719189025,-0.014915012569885472,nan
unet_image_only_delta_anchored,GRA29_C20_25deg_particle1,rollout_anchored,128-256,128,3.748046875,2463,2467,frame_times,9.146907806396484,0.8929975593920552,0.04700575296582954,nan,0.7609336020009394,0.23064531036317573,nan,0.7452593988486265,0.39352153362006165,nan
unet_image_only_delta_anchored,GRA29_C20_25deg_particle1,rollout_anchored,256-512,256,3.748046875,2463,2467,frame_times,6.517332077026367,0.9803413315712342,0.3175220506069556,nan,0.930888150788682,0.6976567110154758,nan,0.6748178106395174,2.599295957685897,nan
unet_image_only_delta_anchored,GRA29_C20_25deg_particle2,rollout_anchored,0-32,32,3.845703125,2463,2467,frame_times,0.8780052661895752,-0.8625531001796173,-15.898284373582271,nan,0.5589801923685466,1.6745654840397726,nan,-0.04616592159537474,-0.2104651162789942,nan
unet_image_only_delta_anchored,GRA29_C20_25deg_particle2,rollout_anchored,32-128,96,3.845703125,2463,2467,frame_times,1.2644577026367188,-0.5884439572447129,-1.2473723052828143,nan,-0.33386975066079455,-0.21585581643864424,nan,-0.32377669519776686,-0.17361874592378618,nan
unet_image_only_delta_anchored,GRA29_C20_25deg_particle2,rollout_anchored,128-256,128,3.845703125,2463,2467,frame_times,2.79620099067688,0.9561218622675162,1.5841395542431915,nan,-0.7874875978079624,-0.6909059671638604,nan,-0.5151917986023279,-0.7450980770743862,nan
unet_image_only_delta_anchored,GRA29_C20_25deg_particle2,rollout_anchored,256-512,256,3.845703125,2463,2467,frame_times,2.1662631034851074,0.9957306025008388,3.777584809400024,nan,-0.32170093508917247,-0.18127251951107837,nan,-0.8886606289303774,-2.7713636191885684,nan
unet_image_only_delta_anchored,GRA29_C20_25deg_particle3,rollout_anchored,0-32,32,4.44140625,2463,2467,frame_times,0.8843975067138672,-0.06465955499853472,-0.05801607874513388,nan,-0.18766063470897906,-0.2588075041304892,nan,-0.6693613642530931,-0.7212269622373905,nan
unet_image_only_delta_anchored,GRA29_C20_25deg_particle3,rollout_anchored,32-128,96,4.44140625,2463,2467,frame_times,1.7426769733428955,-0.20313272462646173,-0.05028332737185987,nan,0.4849563659745323,0.23818113226110615,nan,0.7711920176256735,0.5357528194257479,nan
unet_image_only_delta_anchored,GRA29_C20_25deg_particle3,rollout_anchored,128-256,128,4.44140625,2463,2467,frame_times,4.091218948364258,0.9025583907083634,0.2319566023567123,nan,-0.06127241068563792,-0.15461903839284252,nan,-0.5710493651962134,-0.5322938501708667,nan
unet_image_only_delta_anchored,GRA29_C20_25deg_particle3,rollout_anchored,256-512,256,4.44140625,2463,2467,frame_times,2.043285608291626,0.9880021202907877,1.9228412568293163,nan,0.9870985941374872,9.880461915797548,nan,0.9895179764315214,4.034634114043479,nan
unet_image_only_delta_anchored,GRA29_C20_25deg_particle4,rollout_anchored,0-32,32,4.796875,2463,2467,frame_times,0.8915883898735046,0.17505817781690713,0.44868610923940994,nan,0.030192572954550457,0.03356341140091549,nan,-0.3709217245645051,-0.4572344778017294,nan
unet_image_only_delta_anchored,GRA29_C20_25deg_particle4,rollout_anchored,32-128,96,4.796875,2463,2467,frame_times,1.4740400314331055,-0.5433106690117355,-0.730798154863156,nan,0.276565871709586,0.10729956605822244,nan,-0.06503731482174828,-0.016730223509474167,nan
unet_image_only_delta_anchored,GRA29_C20_25deg_particle4,rollout_anchored,128-256,128,4.796875,2463,2467,frame_times,2.5108022689819336,-0.8923200328559678,-4.050754629106433,nan,-0.4313729224968546,-0.11345145709971638,nan,-0.650152637047862,-0.18911088173597956,nan
unet_image_only_delta_anchored,GRA29_C20_25deg_particle4,rollout_anchored,256-512,256,4.796875,2463,2467,frame_times,2.1597964763641357,0.9202825505143645,12.180096845406036,nan,-0.9188861985716725,-9.66782955461065,nan,-0.9286484668538757,-3.1865334631570565,nan
unet_image_only_delta_anchored,GRA29_C20_45deg_particle1,rollout_anchored,0-32,32,3.55078125,2844,2848,frame_times,1.9177024364471436,-0.07330807229499083,-0.006581814206032028,nan,0.017774914231665443,0.009137251161742318,nan,0.1809504009841795,0.04898867197113908,nan
unet_image_only_delta_anchored,GRA29_C20_45deg_particle1,rollout_anchored,32-128,96,3.55078125,2844,2848,frame_times,5.990316867828369,0.4842068905047837,0.019633542338989625,nan,0.3741393504899077,0.10681192481087713,nan,0.3336492839052997,0.0744498783466861,nan
unet_image_only_delta_anchored,GRA29_C20_45deg_particle1,rollout_anchored,128-256,128,3.55078125,2844,2848,frame_times,9.861812591552734,0.40711146238372137,0.0383010776496582,nan,0.5565178763156123,0.16394556147120992,nan,0.6589417503169248,0.3404074929595348,nan
unet_image_only_delta_anchored,GRA29_C20_45deg_particle1,rollout_anchored,256-512,256,3.55078125,2844,2848,frame_times,11.491850852966309,0.9936582643864735,0.09718902312095765,nan,0.561467630110657,0.8771613889566321,nan,0.40728668375569516,1.8902965117854842,nan
unet_image_only_delta_anchored,GRA29_C20_45deg_particle2,rollout_anchored,0-32,32,3.166015625,2844,2848,frame_times,0.8920871615409851,-0.5294401573875077,-2.5322311360238423,nan,-0.21417474806059877,-1.3053804727836118,nan,-0.09322753866815545,-0.1579958689431721,nan
unet_image_only_delta_anchored,GRA29_C20_45deg_particle2,rollout_anchored,32-128,96,3.166015625,2844,2848,frame_times,2.219386577606201,-0.15783006441077557,-0.45906513910873714,nan,0.09721279130052508,0.07727137842601167,nan,-0.03287260885511909,-0.03383757418669618,nan
unet_image_only_delta_anchored,GRA29_C20_45deg_particle2,rollout_anchored,128-256,128,3.166015625,2844,2848,frame_times,3.327183485031128,0.077808251345689,1.0786901046922044,nan,-0.3233415335198858,-1.8402062902977097,nan,-0.7827729583467959,-0.8618403751528031,nan
unet_image_only_delta_anchored,GRA29_C20_45deg_particle2,rollout_anchored,256-512,256,3.166015625,2844,2848,frame_times,3.9710171222686768,0.9141147031597462,2.739475139939995,nan,0.3433388289167972,0.6101171084865413,nan,0.8308656720596989,0.7080363284910829,nan
unet_image_only_delta_anchored,GRA29_C20_45deg_particle3,rollout_anchored,0-32,32,4.296875,2844,2848,frame_times,0.9644625782966614,-0.10307388558238222,-0.20136286662531636,nan,0.46845082416179784,0.4926502179109499,nan,0.32393461635278104,0.22957167694009512,nan
unet_image_only_delta_anchored,GRA29_C20_45deg_particle3,rollout_anchored,32-128,96,4.296875,2844,2848,frame_times,2.6690962314605713,0.6321241002892286,0.6281943764638552,nan,-0.04688090921184906,-0.012196706111553225,nan,-0.6021640797352728,-0.1885209097498828,nan
unet_image_only_delta_anchored,GRA29_C20_45deg_particle3,rollout_anchored,128-256,128,4.296875,2844,2848,frame_times,3.9862873554229736,-0.07439995328984304,-0.21961878346819655,nan,0.4675670646118398,0.28394611971170236,nan,0.6700857778495851,0.5824696146486975,nan
unet_image_only_delta_anchored,GRA29_C20_45deg_particle3,rollout_anchored,256-512,256,4.296875,2844,2848,frame_times,1.5397411584854126,0.9892818187529399,22.45080650355145,nan,-0.6515134934133068,-7.784502405395818,nan,-0.86975964364964,-7.866724235390735,nan
unet_image_only_delta_anchored,GRA29_C20_45deg_particle4,rollout_anchored,0-32,32,5.1015625,2844,2848,frame_times,1.0796520709991455,-0.5883483060446336,-1.895759194660747,nan,0.5018827437551796,0.8149017202961674,nan,0.45114628406219237,0.9472973525921613,nan
unet_image_only_delta_anchored,GRA29_C20_45deg_particle4,rollout_anchored,32-128,96,5.1015625,2844,2848,frame_times,1.8216917514801025,0.481166893491833,0.5223321331453977,nan,0.277334729167614,0.16845967258044844,nan,0.21992310251039277,0.10299448744188157,nan
unet_image_only_delta_anchored,GRA29_C20_45deg_particle4,rollout_anchored,128-256,128,5.1015625,2844,2848,frame_times,2.4257683753967285,-0.052666958409513735,-1.7812540434981479,nan,0.09294370128425992,0.7877830449006409,nan,0.047672473543349136,0.05222277477923848,nan
unet_image_only_delta_anchored,GRA29_C20_45deg_particle4,rollout_anchored,256-512,256,5.1015625,2844,2848,frame_times,1.8548460006713867,0.9618689036994549,27.40765097038613,nan,0.37185428396647596,0.38643874017919033,nan,-0.10818312424949994,-0.09588385236002454,nan
unet_image_only_delta_rft,GRA29_C20_25deg_particle1,next_frame,all,3000,0.53857421875,0,4,target_steps,0.7831244468688965,0.9999987490292959,1.0000873145864853,0.9999971320208509,0.9999963635298984,1.0001585198179075,0.9999920182767296,0.9999930756103397,0.9994302458030216,0.9999895009577281
unet_image_only_delta_rft,GRA29_C20_25deg_particle2,next_frame,all,3000,0.65234375,0,4,target_steps,0.8238125443458557,0.999997456935767,1.0001295288069632,0.9999914006323228,0.9999862641896482,0.9996098087294145,0.999971014709949,0.9999847897909281,0.9996050938888567,0.9999701944081756
unet_image_only_delta_rft,GRA29_C20_25deg_particle3,next_frame,all,3000,0.751953125,0,4,target_steps,0.8113622665405273,0.9999972924597291,1.0002982569886234,0.999992088487572,0.9999920197459536,1.0003476383518999,0.9999852791896269,0.9999895886075656,1.0000945985926288,0.9999710484527436
unet_image_only_delta_rft,GRA29_C20_25deg_particle4,next_frame,all,3000,1.083984375,0,4,target_steps,0.9509694576263428,0.9999915314954559,0.9997810044911558,0.9999809784259559,0.9999826892545335,1.0004708731359562,0.9999632665967104,0.9999292811259296,0.9960571472380623,0.999932770201435
unet_image_only_delta_rft,GRA29_C20_45deg_particle1,next_frame,all,3000,0.52294921875,0,4,target_steps,0.8114239573478699,0.9999959148486631,1.00016044003766,0.9999923763267862,0.9999900908084507,1.0001747671970862,0.9999762832844239,0.9999869213522272,0.9994800696637745,0.9999857109071019
unet_image_only_delta_rft,GRA29_C20_45deg_particle2,next_frame,all,3000,0.417724609375,0,4,target_steps,0.848919689655304,0.9999794146227814,1.0002088470335457,0.9999688191591526,0.9999108273356049,1.0002816491293793,0.9999221397659214,0.999917372717114,1.0007783425500703,0.9999492261141468
unet_image_only_delta_rft,GRA29_C20_45deg_particle3,next_frame,all,3000,0.8026855468750007,0,4,target_steps,0.852410078048706,0.999980325103362,1.00028281785796,0.9999794776298374,0.9999744686614589,1.0003916122866405,0.9999746506361192,0.9999537854076855,0.9997253931553732,0.9999308359547929
unet_image_only_delta_rft,GRA29_C20_45deg_particle4,next_frame,all,3000,1.203125,0,4,target_steps,0.9543386101722717,0.9996927417257665,0.9995839150353625,0.9995087845105449,0.9994045515913335,1.000290960072525,0.9991510932904322,0.9997993933226884,0.9978124973727394,0.9997775798897593
unet_image_only_delta_rft,GRA29_C20_25deg_particle1,rollout,0-32,32,0.53857421875,0,4,target_steps,0.7573999166488647,-0.5012682851395699,-0.2522336587510721,nan,0.4078772465863452,0.11832877606302183,nan,-0.2751064041519974,-0.12732792031881715,nan
unet_image_only_delta_rft,GRA29_C20_25deg_particle1,rollout,32-128,96,0.53857421875,0,4,target_steps,1.144798755645752,-0.8780745063678033,-0.1827124453119495,nan,-0.8106166504113788,-0.15385983873267717,nan,-0.7644599602048688,-0.18571041767890822,nan
unet_image_only_delta_rft,GRA29_C20_25deg_particle1,rollout,128-256,128,0.53857421875,0,4,target_steps,1.5176149606704712,-0.9779709786693657,-0.2723201396144041,nan,-0.9592279883425279,-0.2987883784699613,nan,-0.9053684355086485,-1.3320584231964963,nan
unet_image_only_delta_rft,GRA29_C20_25deg_particle1,rollout,256-512,256,0.53857421875,0,4,target_steps,2.6924922466278076,0.9045538057410615,0.19301235846540463,nan,0.7772775082664989,0.41687737935003455,nan,0.4669308001403977,8.273063825227469,nan
unet_image_only_delta_rft,GRA29_C20_25deg_particle2,rollout,0-32,32,0.65234375,0,4,target_steps,0.798384428024292,-0.1299716459884439,-0.02830336855964887,nan,0.2937971607785253,0.19267774282876604,nan,-0.3691552288148771,-0.20422732736743654,nan
unet_image_only_delta_rft,GRA29_C20_25deg_particle2,rollout,32-128,96,0.65234375,0,4,target_steps,1.101582646369934,-0.3516863636301846,-0.024781002568561486,nan,0.728057633366536,0.21816625557969502,nan,-0.318250379863818,-0.11010219220294268,nan
unet_image_only_delta_rft,GRA29_C20_25deg_particle2,rollout,128-256,128,0.65234375,0,4,target_steps,1.3180471658706665,-0.9702302389564408,-0.16829582390268627,nan,0.8144619175022523,0.18844300873641193,nan,0.6259299395113632,0.3788915690066651,nan
unet_image_only_delta_rft,GRA29_C20_25deg_particle2,rollout,256-512,256,0.65234375,0,4,target_steps,1.6911718845367432,0.7185385645423231,0.1704757470530367,nan,0.7920251093015243,0.1740447259537097,nan,0.9049145282548111,1.7044534869049512,nan
unet_image_only_delta_rft,GRA29_C20_25deg_particle3,rollout,0-32,32,0.751953125,0,4,target_steps,0.7734860777854919,-0.48538383933481366,-0.24367508398957252,nan,0.23680761401131095,0.5367918088611526,nan,0.1783518089172127,0.2881694860293333,nan
unet_image_only_delta_rft,GRA29_C20_25deg_particle3,rollout,32-128,96,0.751953125,0,4,target_steps,1.0979381799697876,-0.8569537289485152,-0.21098232356982535,nan,0.669391476424176,0.6808588608819408,nan,-0.2448492748922408,-0.10767182179114915,nan
unet_image_only_delta_rft,GRA29_C20_25deg_particle3,rollout,128-256,128,0.751953125,0,4,target_steps,1.4209959506988525,-0.9031312978133843,-0.2345818946024225,nan,0.8701337804503201,0.6750924709976247,nan,-0.8316732362329842,-0.47930619825795073,nan
unet_image_only_delta_rft,GRA29_C20_25deg_particle3,rollout,256-512,256,0.751953125,0,4,target_steps,1.7837438583374023,0.9521336836500525,0.401335246343236,nan,0.9360775167710291,0.8111467258526271,nan,0.8335972488023119,1.284162871979804,nan
unet_image_only_delta_rft,GRA29_C20_25deg_particle4,rollout,0-32,32,1.083984375,0,4,target_steps,0.8537344336509705,-0.769409008583608,-0.6546409457668942,nan,-0.0444395205418685,-0.14328559820064704,nan,-0.2751293278710946,-1.3536009445100103,nan
unet_image_only_delta_rft,GRA29_C20_25deg_particle4,rollout,32-128,96,1.083984375,0,4,target_steps,1.0732851028442383,-0.7192578018531525,-0.2309338090806527,nan,0.7788484801995708,1.2884940200731947,nan,0.4283286630271407,0.5693918929706179,nan
unet_image_only_delta_rft,GRA29_C20_25deg_particle4,rollout,128-256,128,1.083984375,0,4,target_steps,1.155812382698059,0.8135771441834755,0.3271332940363363,nan,0.9470828859032545,2.209455290571842,nan,0.7012502030809986,1.3759092710538474,nan
unet_image_only_delta_rft,GRA29_C20_25deg_particle4,rollout,256-512,256,1.083984375,0,4,target_steps,1.173717975616455,0.9750488321806421,0.6654408324345099,nan,0.9384153333908337,1.0870568347487404,nan,0.9326060613095778,2.0489465618080835,nan
unet_image_only_delta_rft,GRA29_C20_45deg_particle1,rollout,0-32,32,0.52294921875,0,4,target_steps,0.8894122242927551,0.3089297839935566,0.27559907532329203,nan,0.7239740894219155,0.635363599949456,nan,0.6068095467482196,0.43122353909246525,nan
unet_image_only_delta_rft,GRA29_C20_45deg_particle1,rollout,32-128,96,0.52294921875,0,4,target_steps,1.7749677896499634,0.2831520369948339,0.053013293900940416,nan,-0.22148390127230477,-0.05028669892175451,nan,0.276046026975711,0.052190242094642694,nan
unet_image_only_delta_rft,GRA29_C20_45deg_particle1,rollout,128-256,128,0.52294921875,0,4,target_steps,3.3718819618225098,0.2177216110451067,0.02034233964520111,nan,-0.12936501308004536,-0.029736519808584955,nan,0.04949966486095668,0.021702555049083284,nan
unet_image_only_delta_rft,GRA29_C20_45deg_particle1,rollout,256-512,256,0.52294921875,0,4,target_steps,6.252662658691406,0.9285629815336282,0.15108392894556147,nan,-0.8770622579862833,-1.0275473412722307,nan,-0.9220246498350807,-3.899705084536168,nan
unet_image_only_delta_rft,GRA29_C20_45deg_particle2,rollout,0-32,32,0.417724609375,0,4,target_steps,1.0011951923370361,0.20488375512634946,0.02831435203229981,nan,-0.19703461616746407,-0.058952040093621774,nan,-0.2858140362367787,-0.07399573820422144,nan
unet_image_only_delta_rft,GRA29_C20_45deg_particle2,rollout,32-128,96,0.417724609375,0,4,target_steps,2.261509656906128,0.365721969616235,0.02071666931280102,nan,-0.2711553807779064,-0.03264552843400116,nan,-0.09859516940277337,-0.01646909614368155,nan
unet_image_only_delta_rft,GRA29_C20_45deg_particle2,rollout,128-256,128,0.417724609375,0,4,target_steps,3.991971492767334,0.06460495208104033,0.0032342027156120508,nan,0.15480408273335425,0.019153770192589546,nan,0.16127791192193147,0.11482597782917281,nan
unet_image_only_delta_rft,GRA29_C20_45deg_particle2,rollout,256-512,256,0.417724609375,0,4,target_steps,7.072768688201904,0.8204253943928206,0.06926098757074582,nan,0.9006547100209561,0.11536372985739007,nan,nan,nan,nan
unet_image_only_delta_rft,GRA29_C20_45deg_particle3,rollout,0-32,32,0.8026855468750007,0,4,target_steps,0.8131001591682434,0.4595427803499114,0.13717967150006832,nan,0.3805856519812361,0.6478695698590624,nan,0.5527818514205883,0.6709093480413114,nan
unet_image_only_delta_rft,GRA29_C20_45deg_particle3,rollout,32-128,96,0.8026855468750007,0,4,target_steps,1.2482130527496338,0.831277709680766,0.16267923097689987,nan,0.24754845021696442,0.17644282871321232,nan,0.7954196987976181,0.45559452062030686,nan
unet_image_only_delta_rft,GRA29_C20_45deg_particle3,rollout,128-256,128,0.8026855468750007,0,4,target_steps,1.8449242115020752,0.7107882880671735,0.13525793082909812,nan,0.13203983284662404,0.09083338249719265,nan,0.5545574051556516,0.3170906503692989,nan
unet_image_only_delta_rft,GRA29_C20_45deg_particle3,rollout,256-512,256,0.8026855468750007,0,4,target_steps,2.282184362411499,0.9478696409421106,0.3295968049220336,nan,0.9302932338369636,0.625836387658875,nan,0.9500104807410638,0.5353261770123598,nan
unet_image_only_delta_rft,GRA29_C20_45deg_particle4,rollout,0-32,32,1.203125,0,4,target_steps,0.7919436693191528,0.5675997396257848,0.467774304370156,nan,0.5972369346638239,2.450183744614086,nan,0.47951190031140123,1.6094890510948554,nan
unet_image_only_delta_rft,GRA29_C20_45deg_particle4,rollout,32-128,96,1.203125,0,4,target_steps,1.0078507661819458,-0.007867125350515017,-0.004322776407394225,nan,-0.002184785624704713,-0.005258769295573926,nan,0.14131627841019695,0.6277525577613837,nan
unet_image_only_delta_rft,GRA29_C20_45deg_particle4,rollout,128-256,128,1.203125,0,4,target_steps,1.3787713050842285,-0.0744487381347639,-0.08355105714676982,nan,0.0008678433694105662,0.0031213436736655417,nan,-0.10458123588968203,-0.36317518458427855,nan
unet_image_only_delta_rft,GRA29_C20_45deg_particle4,rollout,256-512,256,1.203125,0,4,target_steps,1.541471004486084,0.9374626364544473,0.45990038556409657,nan,0.9627367257794578,0.9731674990739853,nan,0.9383685172733344,1.1121566321061507,nan
unet_image_only_delta_rft_anchored,GRA29_C20_25deg_particle1,rollout_anchored,0-32,32,3.748046875,2463,2467,frame_times,0.9171277284622192,-0.0078905018047106,-0.005312919372344621,nan,-0.30190128569075186,-0.905604536345432,nan,-0.20782819584162215,-0.18183727234546487,nan
unet_image_only_delta_rft_anchored,GRA29_C20_25deg_particle1,rollout_anchored,32-128,96,3.748046875,2463,2467,frame_times,1.8130486011505127,0.061655623042256,0.010291506497629681,nan,0.20753290270246094,0.08499640062998685,nan,0.07201584187063595,0.018290036826178645,nan
unet_image_only_delta_rft_anchored,GRA29_C20_25deg_particle1,rollout_anchored,128-256,128,3.748046875,2463,2467,frame_times,3.3050432205200195,-0.8755470848997274,-0.2773857374527186,nan,-0.7438300578986833,-0.35774953883366795,nan,-0.7618920739326516,-0.26188052871958867,nan
unet_image_only_delta_rft_anchored,GRA29_C20_25deg_particle1,rollout_anchored,256-512,256,3.748046875,2463,2467,frame_times,2.5680887699127197,0.8515374847914553,4.633655853286459,nan,-0.9961787942330148,-1.3020127893792024,nan,-0.9854492097703763,-0.8485862581275867,nan
unet_image_only_delta_rft_anchored,GRA29_C20_25deg_particle2,rollout_anchored,0-32,32,3.845703125,2463,2467,frame_times,0.8859151601791382,0.866309302915813,6.124450121936115,nan,0.41808931234956215,3.434546242388819,nan,0.17407769904989998,0.31600294985247523,nan
unet_image_only_delta_rft_anchored,GRA29_C20_25deg_particle2,rollout_anchored,32-128,96,3.845703125,2463,2467,frame_times,1.0133649110794067,0.607921244248388,0.7055119577280963,nan,-0.6118237200515516,-3.9382523006074734,nan,-0.34922030975592316,-0.38292665704052226,nan
unet_image_only_delta_rft_anchored,GRA29_C20_25deg_particle2,rollout_anchored,128-256,128,3.845703125,2463,2467,frame_times,1.3379026651382446,-0.9357392547890944,-2.3057033150605903,nan,-0.17312818707916505,-1.9212471985468007,nan,-0.5977829779276155,-0.8087638379111456,nan
unet_image_only_delta_rft_anchored,GRA29_C20_25deg_particle2,rollout_anchored,256-512,256,3.845703125,2463,2467,frame_times,1.209654688835144,-0.9707310695607156,-15.571410930904744,nan,-0.4486038723910666,-1.6368634553115253,nan,-0.25142726230825346,-0.28365624863786676,nan
unet_image_only_delta_rft_anchored,GRA29_C20_25deg_particle3,rollout_anchored,0-32,32,4.44140625,2463,2467,frame_times,0.8305420279502869,0.04415730142723723,0.07716732030408957,nan,0.05584359686772641,0.23755895111132425,nan,-0.09083353198809696,-0.7741935483875589,nan
unet_image_only_delta_rft_anchored,GRA29_C20_25deg_particle3,rollout_anchored,32-128,96,4.44140625,2463,2467,frame_times,1.0827767848968506,0.21748934927965294,0.11419740253955789,nan,-0.4709665138470508,-1.8691021918571478,nan,0.8153241039712812,2.720652278440975,nan
unet_image_only_delta_rft_anchored,GRA29_C20_25deg_particle3,rollout_anchored,128-256,128,4.44140625,2463,2467,frame_times,1.5547587871551514,-0.8914309326700879,-0.8966003852423747,nan,-0.24937946537216762,-0.7844609599294101,nan,-0.6268713275172926,-2.385989010989018,nan
unet_image_only_delta_rft_anchored,GRA29_C20_25deg_particle3,rollout_anchored,256-512,256,4.44140625,2463,2467,frame_times,1.319263219833374,-0.9874215829461704,-19.811011258434284,nan,0.46824613606814747,44.66915989058383,nan,-0.9568204250627821,-19.53932975330312,nan
unet_image_only_delta_rft_anchored,GRA29_C20_25deg_particle4,rollout_anchored,0-32,32,4.796875,2463,2467,frame_times,1.309071660041809,0.17681916081742094,0.1761493844489996,nan,0.2061747331600003,0.902327232036643,nan,0.33223689628040926,1.260374394554235,nan
unet_image_only_delta_rft_anchored,GRA29_C20_25deg_particle4,rollout_anchored,32-128,96,4.796875,2463,2467,frame_times,1.2925875186920166,-0.5422283493231796,-1.3828636130799374,nan,0.22992434820951502,0.37188039635420844,nan,-0.09829745262093938,-0.3885589704375662,nan
unet_image_only_delta_rft_anchored,GRA29_C20_25deg_particle4,rollout_anchored,128-256,128,4.796875,2463,2467,frame_times,1.3544877767562866,-0.9083604653579278,-7.6850354180106155,nan,-0.42362391147765854,-0.7272717600072416,nan,-0.5883359341231379,-1.9314797153547336,nan
unet_image_only_delta_rft_anchored,GRA29_C20_25deg_particle4,rollout_anchored,256-512,256,4.796875,2463,2467,frame_times,1.084602952003479,0.9283472750163726,1395.1573523863635,nan,-0.9093098947062142,-84.57945577317656,nan,-0.7869987240051183,-30.50674703503769,nan
unet_image_only_delta_rft_anchored,GRA29_C20_45deg_particle1,rollout_anchored,0-32,32,3.55078125,2844,2848,frame_times,1.0935330390930176,0.0715907197993545,0.034730727718564294,nan,-0.12779602687289807,-0.2356203498440985,nan,-0.19958320844001995,-0.15818250377073126,nan
unet_image_only_delta_rft_anchored,GRA29_C20_45deg_particle1,rollout_anchored,32-128,96,3.55078125,2844,2848,frame_times,2.150205373764038,-0.48577063211360194,-0.10880009135357313,nan,-0.38436058890843566,-0.2628739782338425,nan,-0.3051804871726992,-0.08997472590918022,nan
unet_image_only_delta_rft_anchored,GRA29_C20_45deg_particle1,rollout_anchored,128-256,128,3.55078125,2844,2848,frame_times,3.095754861831665,-0.3973819437885938,-0.31204819086645724,nan,-0.525479396271612,-0.24547130189986974,nan,-0.6526703374865913,-0.18309047601365844,nan
unet_image_only_delta_rft_anchored,GRA29_C20_45deg_particle1,rollout_anchored,256-512,256,3.55078125,2844,2848,frame_times,2.8285367488861084,-0.9884412058898542,-1.4426718111322745,nan,-0.8814662086688313,-0.7791438686265503,nan,-0.9288319890482802,-0.3865951306065597,nan
unet_image_only_delta_rft_anchored,GRA29_C20_45deg_particle2,rollout_anchored,0-32,32,3.166015625,2844,2848,frame_times,0.907203197479248,-0.5158901521036043,-2.1755936180721207,nan,-0.3284096554659591,-1.5779911364033288,nan,0.14343614068279484,2.202177293934365,nan
unet_image_only_delta_rft_anchored,GRA29_C20_45deg_particle2,rollout_anchored,32-128,96,3.166015625,2844,2848,frame_times,1.0685948133468628,-0.15561658561919658,-0.2186236268347182,nan,0.06018828673562361,0.1640734956241631,nan,-0.011224086166722488,-0.02376942856190891,nan
unet_image_only_delta_rft_anchored,GRA29_C20_45deg_particle2,rollout_anchored,128-256,128,3.166015625,2844,2848,frame_times,1.2864011526107788,0.06767763343402286,0.7310715186975801,nan,-0.3063935285265371,-4.1067890635358575,nan,-0.7838940214082228,-5.680893601530266,nan
unet_image_only_delta_rft_anchored,GRA29_C20_45deg_particle2,rollout_anchored,256-512,256,3.166015625,2844,2848,frame_times,1.3415818214416504,0.9014602142866276,3.7311794172192316,nan,0.35245203032640215,3.799528653311075,nan,0.7968368157504362,4.26716051496616,nan
unet_image_only_delta_rft_anchored,GRA29_C20_45deg_particle3,rollout_anchored,0-32,32,4.296875,2844,2848,frame_times,0.9018457531929016,0.11048594608758873,0.3506000096110384,nan,0.3900553079647734,2.8228347731032,nan,0.5056149058975794,0.8176954732510768,nan
unet_image_only_delta_rft_anchored,GRA29_C20_45deg_particle3,rollout_anchored,32-128,96,4.296875,2844,2848,frame_times,1.1690949201583862,-0.6350390537130683,-1.0970930672317563,nan,-0.00850426199966482,-0.020902178916161716,nan,-0.5673572829918277,-0.5713053877463047,nan
unet_image_only_delta_rft_anchored,GRA29_C20_45deg_particle3,rollout_anchored,128-256,128,4.296875,2844,2848,frame_times,1.4184976816177368,0.08457105796107037,0.5720447842406452,nan,0.48306936898200376,2.0955035047905124,nan,0.662610303343816,2.1990420369319787,nan
unet_image_only_delta_rft_anchored,GRA29_C20_45deg_particle3,rollout_anchored,256-512,256,4.296875,2844,2848,frame_times,1.0975618362426758,-0.9784547611386561,-102.13218256033913,nan,-0.8145937097642225,-45.70483575890563,nan,-0.9193290899154415,-14.174162782988905,nan
unet_image_only_delta_rft_anchored,GRA29_C20_45deg_particle4,rollout_anchored,0-32,32,5.1015625,2844,2848,frame_times,1.3487905263900757,-0.4067152410042846,-0.4812795311020141,nan,0.3979423482110521,1.9350260383766804,nan,0.17603949444935507,1.813793103448154,nan
unet_image_only_delta_rft_anchored,GRA29_C20_45deg_particle4,rollout_anchored,32-128,96,5.1015625,2844,2848,frame_times,1.3296674489974976,-0.49914565724273485,-19.12032398902189,nan,0.30263011852426935,0.6689900564973665,nan,0.29138083303015555,1.1010638297870654,nan
unet_image_only_delta_rft_anchored,GRA29_C20_45deg_particle4,rollout_anchored,128-256,128,5.1015625,2844,2848,frame_times,1.3346357345581055,0.06252437767610923,31.504250576472092,nan,0.12149547212865622,3.457342832532808,nan,0.04219213124096256,0.47730563230270445,nan
unet_image_only_delta_rft_anchored,GRA29_C20_45deg_particle4,rollout_anchored,256-512,256,5.1015625,2844,2848,frame_times,1.1440685987472534,0.9677080585510704,255.67915861022516,nan,0.3501432973303254,2.859414952222041,nan,-0.12771947444494033,-0.887490419719316,nan
unet_img_delta_lopo,GRA29_C20_25deg_particle1,next_frame,all,3000,0.53857421875,0,4,target_steps,0.7829245924949646,0.9999988499826065,0.9994670697941235,0.9999971320208509,0.9999968493999696,0.9997732573923294,0.9999920182767296,0.9999914880112739,0.9981565640365571,0.9999895009577281
unet_img_delta_lopo,GRA29_C20_25deg_particle2,next_frame,all,3000,0.65234375,0,4,target_steps,0.7730672955513,0.9999981099828571,0.9996156622207117,0.9999914006323228,0.9999900505638505,0.9995182421814194,0.999971014709949,0.9999856688881197,0.9991150036173462,0.9999701944081756
unet_img_delta_lopo,GRA29_C20_25deg_particle3,next_frame,all,3000,0.751953125,0,4,target_steps,0.7807599902153015,0.9999969519509763,0.9994230973915776,0.999992088487572,0.999992120844197,0.9997077533517612,0.9999852791896269,0.9999868127749744,0.9998258115310085,0.9999710484527436
unet_img_delta_lopo,GRA29_C20_25deg_particle4,next_frame,all,3000,1.083984375,0,4,target_steps,0.8190934062004089,0.9999918026269929,0.9992950609461733,0.9999809784259559,0.9999796771035563,0.9995648967606479,0.9999632665967104,0.9999565556865994,0.9994590703480781,0.999932770201435
unet_img_delta_lopo,GRA29_C20_45deg_particle1,next_frame,all,3000,0.52294921875,0,4,target_steps,0.7879694700241089,0.9999876186454244,0.9995420940356914,0.9999923763267862,0.9999904253368223,0.9995527233206931,0.9999762832844239,0.99999031876183,0.9986817668726227,0.9999857109071019
unet_img_delta_lopo,GRA29_C20_45deg_particle2,next_frame,all,3000,0.417724609375,0,4,target_steps,0.7848670482635498,0.9999585107013645,0.9994810804985144,0.9999688191591526,0.9999403062642683,0.9997036553888992,0.9999221397659214,0.9999599060212584,1.000476604753424,0.9999492261141468
unet_img_delta_lopo,GRA29_C20_45deg_particle3,next_frame,all,3000,0.8026855468750007,0,4,target_steps,0.7818329930305481,0.9999672111705478,0.999799048072952,0.9999794776298374,0.9999832081240617,0.9997416933912529,0.9999746506361192,0.9999299793030199,0.9999871285395187,0.9999308359547929
unet_img_delta_lopo,GRA29_C20_45deg_particle4,next_frame,all,3000,1.203125,0,4,target_steps,0.8280752301216125,0.9994489208306518,0.9991965342088838,0.9995087845105449,0.9992100571573773,0.9992919371337435,0.9991510932904322,0.9998311843125639,1.0000123818114326,0.9997775798897593
unet_img_delta_lopo,GRA29_C20_25deg_particle1,rollout,0-32,32,0.53857421875,0,4,target_steps,1.0033924579620361,-0.5125656395128863,-0.04810224741575306,nan,0.4079461717296789,0.03575334814830294,nan,-0.331634259879711,-0.039451478161442725,nan
unet_img_delta_lopo,GRA29_C20_25deg_particle1,rollout,32-128,96,0.53857421875,0,4,target_steps,2.5050809383392334,-0.8773596716210512,-0.03263246289472975,nan,-0.806742892542837,-0.045927508398574866,nan,-0.7375629312931798,-0.24685363843744254,nan
unet_img_delta_lopo,GRA29_C20_25deg_particle1,rollout,128-256,128,0.53857421875,0,4,target_steps,3.90120005607605,-0.9804441902439195,-0.052381873185340266,nan,-0.9467071292456768,-0.08696731875791866,nan,-0.8827083069023913,-5.102171877630773,nan
unet_img_delta_lopo,GRA29_C20_25deg_particle1,rollout,256-512,256,0.53857421875,0,4,target_steps,5.048896312713623,0.7757407109849684,0.17713584095536988,nan,0.7685044944669416,0.1396469923664942,nan,0.8574361067365013,27.956641413247148,nan
unet_img_delta_lopo,GRA29_C20_25deg_particle2,rollout,0-32,32,0.65234375,0,4,target_steps,0.8145054578781128,0.13675822025747672,0.08963011625084714,nan,0.09558453601495578,0.4782933773999089,nan,-0.18798528474094942,-0.5585628973222926,nan
unet_img_delta_lopo,GRA29_C20_25deg_particle2,rollout,32-128,96,0.65234375,0,4,target_steps,1.2344146966934204,0.35378083279917244,0.06100206101767894,nan,-0.3653219853099228,-1.4881606577244844,nan,0.2447248830735383,0.2518535647229153,nan
unet_img_delta_lopo,GRA29_C20_25deg_particle2,rollout,128-256,128,0.65234375,0,4,target_steps,1.4809813499450684,0.9705056811277553,0.37353362469380263,nan,-0.8077433383162251,-0.884261494671293,nan,-0.7094659832146177,-0.535049660451926,nan
unet_img_delta_lopo,GRA29_C20_25deg_particle2,rollout,256-512,256,0.65234375,0,4,target_steps,1.9525724649429321,-0.730590313484768,-0.3421986566833314,nan,-0.7936067521865481,-0.5217579867279609,nan,-0.9333246389195927,-0.48160261806792287,nan
unet_img_delta_lopo,GRA29_C20_25deg_particle3,rollout,0-32,32,0.751953125,0,4,target_steps,0.7727627754211426,-0.4628364948777329,-1.3710512678128763,nan,0.40550010202634507,0.387582091586431,nan,0.22653625953193485,0.29552901384632113,nan
unet_img_delta_lopo,GRA29_C20_25deg_particle3,rollout,32-128,96,0.751953125,0,4,target_steps,1.2398386001586914,0.8466263260123282,0.5344801661890319,nan,0.6069925587470542,0.724778729219444,nan,-0.13835685374909212,-0.1314049498661785,nan
unet_img_delta_lopo,GRA29_C20_25deg_particle3,rollout,128-256,128,0.751953125,0,4,target_steps,1.6662473678588867,0.8998715571503901,0.43733380831110336,nan,-0.43904345554616925,-1.3213789080351164,nan,-0.5234055628761323,-1.4008586779879462,nan
unet_img_delta_lopo,GRA29_C20_25deg_particle3,rollout,256-512,256,0.751953125,0,4,target_steps,2.312500238418579,-0.9461318699612474,-0.7331151102124581,nan,-0.8491040704229738,-2.9620721533559227,nan,-0.9308161774780868,-7.4856250566588205,nan
unet_img_delta_lopo,GRA29_C20_25deg_particle4,rollout,0-32,32,1.083984375,0,4,target_steps,0.7891483902931213,0.7639105294932389,0.6013519387460832,nan,0.03133484330057532,0.19087716040760447,nan,0.11081826172431733,0.43844245084940053,nan
unet_img_delta_lopo,GRA29_C20_25deg_particle4,rollout,32-128,96,1.083984375,0,4,target_steps,1.0985645055770874,0.7167997479235741,0.194875717609363,nan,-0.7691718979281876,-1.4083015276837527,nan,-0.43491568728290797,-0.36119858091209434,nan
unet_img_delta_lopo,GRA29_C20_25deg_particle4,rollout,128-256,128,1.083984375,0,4,target_steps,1.2974116802215576,-0.8183373813647274,-0.2517322610233992,nan,-0.9265650101653474,-2.522347976858939,nan,-0.7400818065372318,-1.1995959799691893,nan
unet_img_delta_lopo,GRA29_C20_25deg_particle4,rollout,256-512,256,1.083984375,0,4,target_steps,1.7793699502944946,-0.9762308200577466,-0.4927911056633342,nan,-0.9500129989228874,-1.4595324546621558,nan,-0.9347655406729933,-1.6843918232841457,nan
unet_img_delta_lopo,GRA29_C20_45deg_particle1,rollout,0-32,32,0.52294921875,0,4,target_steps,0.981615424156189,0.31514829614688894,0.04572963288603175,nan,0.7548720152793592,0.2395214738579645,nan,0.6248355749974218,0.1647618629944747,nan
unet_img_delta_lopo,GRA29_C20_45deg_particle1,rollout,32-128,96,0.52294921875,0,4,target_steps,2.6866352558135986,0.2840222564787052,0.012269548774561382,nan,-0.24803884600170906,-0.024102990589202795,nan,0.2657966799094013,0.05003411858296349,nan
unet_img_delta_lopo,GRA29_C20_45deg_particle1,rollout,128-256,128,0.52294921875,0,4,target_steps,5.075191497802734,0.20315483373023838,0.005501639831130668,nan,-0.11638846180332428,-0.010292369510703843,nan,0.05718053878293666,0.020434381744273623,nan
unet_img_delta_lopo,GRA29_C20_45deg_particle1,rollout,256-512,256,0.52294921875,0,4,target_steps,7.593952178955078,0.8951904679747145,0.08427740249169058,nan,0.9322295772807843,0.14459547782754228,nan,0.7012796234307781,2.0302305785713126,nan
unet_img_delta_lopo,GRA29_C20_45deg_particle2,rollout,0-32,32,0.417724609375,0,4,target_steps,0.971951425075531,-0.20163818782159357,-0.10944702238287583,nan,0.17749929598121358,0.19867848149227044,nan,0.29258193832150614,0.2706135993158539,nan
unet_img_delta_lopo,GRA29_C20_45deg_particle2,rollout,32-128,96,0.417724609375,0,4,target_steps,1.7604783773422241,-0.3624863901922443,-0.06658504725562303,nan,0.2784573084601295,0.11143474977800237,nan,0.07999737837744751,0.02789558538176729,nan
unet_img_delta_lopo,GRA29_C20_45deg_particle2,rollout,128-256,128,0.417724609375,0,4,target_steps,2.913482666015625,-0.06207581616991157,-0.008241498207637652,nan,-0.1546620092086696,-0.0444395202845145,nan,-0.11745394032684604,-0.03707002270569039,nan
unet_img_delta_lopo,GRA29_C20_45deg_particle2,rollout,256-512,256,0.417724609375,0,4,target_steps,5.478915214538574,-0.8401672667674988,-0.14444951872254486,nan,-0.9040342635812791,-0.25261220466784834,nan,-0.9339678252523527,-0.29656919624274064,nan
unet_img_delta_lopo,GRA29_C20_45deg_particle3,rollout,0-32,32,0.8026855468750007,0,4,target_steps,0.8765847682952881,-0.4593890085656666,-0.21685918208779006,nan,-0.0002609214707991356,-0.0018814886161742286,nan,-0.28559794841223557,-1.672427983538804,nan
unet_img_delta_lopo,GRA29_C20_45deg_particle3,rollout,32-128,96,0.8026855468750007,0,4,target_steps,1.460528016090393,-0.8321692079437031,-0.22008550799969084,nan,-0.2507882409546077,-0.19266215620488944,nan,-0.5329017869771788,-1.6022260273972677,nan
unet_img_delta_lopo,GRA29_C20_45deg_particle3,rollout,128-256,128,0.8026855468750007,0,4,target_steps,2.4257359504699707,-0.7084282139394135,-0.15123516684097815,nan,-0.1292467549359336,-0.10093563041172561,nan,-0.5056789879829899,-0.7830533698525801,nan
unet_img_delta_lopo,GRA29_C20_45deg_particle3,rollout,256-512,256,0.8026855468750007,0,4,target_steps,3.5758984088897705,-0.9562490265746993,-0.29537575583662895,nan,-0.9513063810752701,-0.8893664161897568,nan,-0.9629174676676983,-0.6296863860525146,nan
unet_img_delta_lopo,GRA29_C20_45deg_particle4,rollout,0-32,32,1.203125,0,4,target_steps,0.8062458634376526,-0.5780165083730461,-0.3161199925343299,nan,-0.19789639209107626,-2.1393060687336396,nan,-0.5774133884024584,-4.1416666666668,nan
unet_img_delta_lopo,GRA29_C20_45deg_particle4,rollout,32-128,96,1.203125,0,4,target_steps,1.282073974609375,0.004635299815633334,0.0014671406098565292,nan,-0.10388713056576382,-0.7243200208435019,nan,-0.12848566518173918,-0.3269594219010516,nan
unet_img_delta_lopo,GRA29_C20_45deg_particle4,rollout,128-256,128,1.203125,0,4,target_steps,2.399648666381836,0.07211819356046402,0.04130626313777641,nan,0.04382551663395264,0.24737059653733734,nan,0.054696572714110325,0.1741713925876626,nan
unet_img_delta_lopo,GRA29_C20_45deg_particle4,rollout,256-512,256,1.203125,0,4,target_steps,3.6589903831481934,-0.9364985114622933,-0.22873308112780835,nan,-0.9647534044004951,-1.878902327112226,nan,-0.9294457790919097,-0.9755181908850415,nan
unet_img_delta_s2026,GRA29_C20_25deg_particle1,next_frame,all,3000,0.53857421875,0,4,target_steps,0.772375762462616,0.9999988643667982,1.0001668133378883,0.9999971320208509,0.9999966958003699,1.0003359749053988,0.9999920182767296,0.999992914206664,0.998765267770312,0.9999895009577281
unet_img_delta_s2026,GRA29_C20_25deg_particle2,next_frame,all,3000,0.65234375,0,4,target_steps,0.76740562915802,0.9999979118920206,1.0000961768888696,0.9999914006323228,0.999991121865503,1.0001690584027105,0.999971014709949,0.9999856562943342,0.9990660069292768,0.9999701944081756
unet_img_delta_s2026,GRA29_C20_25deg_particle3,next_frame,all,3000,0.751953125,0,4,target_steps,0.7756991386413574,0.9999971589475367,0.9999500069452587,0.999992088487572,0.9999923910835473,1.0001299955652712,0.9999852791896269,0.9999887998831095,1.0001569252473212,0.9999710484527436
unet_img_delta_s2026,GRA29_C20_25deg_particle4,next_frame,all,3000,1.083984375,0,4,target_steps,0.7805376648902893,0.9999936537783428,0.9998148340247494,0.9999809784259559,0.9999816512177054,0.9996851084485957,0.9999632665967104,0.9999632455855288,0.9992197529130916,0.999932770201435
unet_img_delta_s2026,GRA29_C20_45deg_particle1,next_frame,all,3000,0.52294921875,0,4,target_steps,0.8000879287719727,0.9999945548268792,1.0003861769560192,0.9999923763267862,0.999988337858138,1.0002230762297029,0.9999762832844239,0.9999888686862586,0.9988810083797137,0.9999857109071019
unet_img_delta_s2026,GRA29_C20_45deg_particle2,next_frame,all,3000,0.417724609375,0,4,target_steps,0.8219571709632874,0.999985557896074,0.9996654229297999,0.9999688191591526,0.9998820751282402,0.9999364639170933,0.9999221397659214,0.9999383773621474,0.9997684094315514,0.9999492261141468
unet_img_delta_s2026,GRA29_C20_45deg_particle3,next_frame,all,3000,0.8026855468750007,0,4,target_steps,0.8031553626060486,0.9999918967991583,0.9996172021943652,0.9999794776298374,0.9999556969890918,0.9996632416760501,0.9999746506361192,0.999962974336391,1.0001401122956928,0.9999308359547929
unet_img_delta_s2026,GRA29_C20_45deg_particle4,next_frame,all,3000,1.203125,0,4,target_steps,0.8262513875961304,0.9995589668415809,0.9994498225784602,0.9995087845105449,0.9992403646218456,0.999515585592098,0.9991510932904322,0.9998294190711664,0.9992820153628358,0.9997775798897593
unet_img_delta_s2026,GRA29_C20_25deg_particle1,rollout,0-32,32,0.53857421875,0,4,target_steps,0.9340044260025024,-0.5304154540460978,-0.1321950254320712,nan,0.40386605890949406,0.10340859282629972,nan,-0.3167165792778257,-0.11817566108482791,nan
unet_img_delta_s2026,GRA29_C20_25deg_particle1,rollout,32-128,96,0.53857421875,0,4,target_steps,2.0564615726470947,-0.8789654636919293,-0.1269890140442277,nan,-0.8099068369910772,-0.19489760527073213,nan,-0.7586118320535296,-0.2407844138304035,nan
unet_img_delta_s2026,GRA29_C20_25deg_particle1,rollout,128-256,128,0.53857421875,0,4,target_steps,6.4432454109191895,-0.9402521473829893,-0.17498260154796327,nan,-0.9210717815377633,-0.3277359921108245,nan,-0.9431043841781374,-1.4732740015013575,nan
unet_img_delta_s2026,GRA29_C20_25deg_particle1,rollout,256-512,256,0.53857421875,0,4,target_steps,1216.024169921875,0.979864736852092,0.00025995552829444446,nan,0.9666082903754489,0.0028750544041332418,nan,-0.089090785350923,-0.39899391181517263,nan
unet_img_delta_s2026,GRA29_C20_25deg_particle2,rollout,0-32,32,0.65234375,0,4,target_steps,0.9906279444694519,-0.13701960726274678,-0.03798769942222113,nan,0.28914704774968686,0.1799190111219695,nan,-0.4123127921286511,-0.35513557264265494,nan
unet_img_delta_s2026,GRA29_C20_25deg_particle2,rollout,32-128,96,0.65234375,0,4,target_steps,2.177379846572876,-0.35131761632072006,-0.03358009959364333,nan,0.7375039425661892,0.26026480339902724,nan,-0.3331152644898279,-0.12425171732798714,nan
unet_img_delta_s2026,GRA29_C20_25deg_particle2,rollout,128-256,128,0.65234375,0,4,target_steps,2.9236984252929688,-0.9706200558423788,-0.20922237875043756,nan,0.8045810464325514,0.4199985181210814,nan,0.6279275680257375,0.4725307574389703,nan
unet_img_delta_s2026,GRA29_C20_25deg_particle2,rollout,256-512,256,0.65234375,0,4,target_steps,4.274353981018066,0.7393416201604315,0.16150177544904162,nan,0.7625395731264728,0.7135522171686137,nan,0.8262695252054616,2.044258207733043,nan
unet_img_delta_s2026,GRA29_C20_25deg_particle3,rollout,0-32,32,0.751953125,0,4,target_steps,0.900411069393158,-0.4994195503468943,-0.31256736223872905,nan,0.3384445873344363,0.3510636923966157,nan,-0.04802756783960316,-0.11231884057976856,nan
unet_img_delta_s2026,GRA29_C20_25deg_particle3,rollout,32-128,96,0.751953125,0,4,target_steps,2.1273961067199707,-0.8557833864674946,-0.26209063342603534,nan,0.6466542058472797,0.35749898726912016,nan,-0.23975497540816593,-0.16731507910467638,nan
unet_img_delta_s2026,GRA29_C20_25deg_particle3,rollout,128-256,128,0.751953125,0,4,target_steps,3.460080623626709,-0.9005933968932898,-0.2640551369792286,nan,0.8547725557218369,0.7411826342804357,nan,-0.8315073385043216,-0.6785604145864783,nan
unet_img_delta_s2026,GRA29_C20_25deg_particle3,rollout,256-512,256,0.751953125,0,4,target_steps,5.138534069061279,0.9630744719883128,0.3536436533078975,nan,0.8755902979430635,1.595723264035334,nan,0.8204593756311707,1.9937218379072772,nan
unet_img_delta_s2026,GRA29_C20_25deg_particle4,rollout,0-32,32,1.083984375,0,4,target_steps,0.9595456123352051,-0.7643468293174077,-0.4049686413538788,nan,0.10499583311660873,1.0840974120290188,nan,0.2986572037455913,2.0392268334280255,nan
unet_img_delta_s2026,GRA29_C20_25deg_particle4,rollout,32-128,96,1.083984375,0,4,target_steps,2.266901731491089,-0.7167278885210521,-0.13287671652454583,nan,-0.7124464563801965,-3.0322778006984894,nan,0.1357911541412866,0.9308990553017886,nan
unet_img_delta_s2026,GRA29_C20_25deg_particle4,rollout,128-256,128,1.083984375,0,4,target_steps,3.244746685028076,0.8260106494461947,0.1621213479060908,nan,-0.7772269356531369,-10.965635329478758,nan,0.7425765934284344,9.894629367475703,nan
unet_img_delta_s2026,GRA29_C20_25deg_particle4,rollout,256-512,256,1.083984375,0,4,target_steps,4.344130039215088,0.9704034819854971,0.26325891232807763,nan,0.784073121011608,7.46316684955772,nan,0.9253864734313901,5.701205194978623,nan
unet_img_delta_s2026,GRA29_C20_45deg_particle1,rollout,0-32,32,0.52294921875,0,4,target_steps,1.1058493852615356,0.31687167546038597,0.05733922499122737,nan,0.7454918776622077,0.33506420527690234,nan,0.613262981686986,0.28531155717152606,nan
unet_img_delta_s2026,GRA29_C20_45deg_particle1,rollout,32-128,96,0.52294921875,0,4,target_steps,4.557804584503174,0.25436198129552795,0.005115136873883117,nan,-0.269140722261036,-0.028499616640524285,nan,0.2365060139941876,0.035218743883768784,nan
unet_img_delta_s2026,GRA29_C20_45deg_particle1,rollout,128-256,128,0.52294921875,0,4,target_steps,94.8837890625,0.2531221580207797,0.00022396973267536127,nan,-0.18350596225229618,-0.0058432660098836995,nan,-0.3837231626433418,-0.060152025837662965,nan
unet_img_delta_s2026,GRA29_C20_45deg_particle1,rollout,256-512,256,0.52294921875,0,4,target_steps,16553.9609375,0.9434566739279682,1.556463553613664e-05,nan,0.8908067373747613,0.000223962876644455,nan,0.3116376477084313,0.20571133695524257,nan
unet_img_delta_s2026,GRA29_C20_45deg_particle2,rollout,0-32,32,0.417724609375,0,4,target_steps,1.338261604309082,0.20629522987135213,0.020501963875242692,nan,-0.1972325557707965,-0.13266872630163054,nan,-0.2688617820204074,-0.15102667884832233,nan
unet_img_delta_s2026,GRA29_C20_45deg_particle2,rollout,32-128,96,0.417724609375,0,4,target_steps,4.569791316986084,0.3626247660801915,0.012568646807559002,nan,-0.27336843828624746,-0.09144833928366576,nan,-0.08831557406025942,-0.02363816118299896,nan
unet_img_delta_s2026,GRA29_C20_45deg_particle2,rollout,128-256,128,0.417724609375,0,4,target_steps,9.256170272827148,0.06247529927038573,0.001574622131122683,nan,0.15227879510763806,0.04209854042043723,nan,0.1126548976271371,0.07959020467217962,nan
unet_img_delta_s2026,GRA29_C20_45deg_particle2,rollout,256-512,256,0.417724609375,0,4,target_steps,17.717803955078125,0.8124517643693395,0.03339907841298861,nan,0.8885672987140139,0.15704136513596767,nan,0.9209968687320883,0.9586880690647578,nan
unet_img_delta_s2026,GRA29_C20_45deg_particle3,rollout,0-32,32,0.8026855468750007,0,4,target_steps,0.9312540888786316,0.45858574786648487,0.23205307836987923,nan,0.4119172345632581,0.604769115111633,nan,0.5026200529557812,0.6235454914853602,nan
unet_img_delta_s2026,GRA29_C20_45deg_particle3,rollout,32-128,96,0.8026855468750007,0,4,target_steps,2.3101987838745117,0.8322754317121974,0.24044483286482232,nan,-0.33709624065524557,-1.4731234781152915,nan,0.7898756093256397,0.6240187269459921,nan
unet_img_delta_s2026,GRA29_C20_45deg_particle3,rollout,128-256,128,0.8026855468750007,0,4,target_steps,4.59182596206665,0.7076729745094252,0.15445728380406157,nan,0.15671477546584658,0.34822334080661943,nan,0.5422075918856891,0.5603800410733156,nan
unet_img_delta_s2026,GRA29_C20_45deg_particle3,rollout,256-512,256,0.8026855468750007,0,4,target_steps,7.398708343505859,0.9597874097356851,0.2803777453036842,nan,0.5408657500234909,1.8170476298264016,nan,-0.67700864426442,-3.4751067948205745,nan
unet_img_delta_s2026,GRA29_C20_45deg_particle4,rollout,0-32,32,1.203125,0,4,target_steps,0.8623132109642029,0.5751000074419857,0.209252265568647,nan,0.5670747511992216,0.8680042175377689,nan,0.5691195456188406,1.4201783969489723,nan
unet_img_delta_s2026,GRA29_C20_45deg_particle4,rollout,32-128,96,1.203125,0,4,target_steps,1.8577181100845337,-0.005730446290328972,-0.0012438250775317157,nan,0.011938398837789476,0.014287497166659153,nan,0.1480279093963505,0.18680986669328273,nan
unet_img_delta_s2026,GRA29_C20_45deg_particle4,rollout,128-256,128,1.203125,0,4,target_steps,3.547062873840332,-0.07082179969469897,-0.028182582717912005,nan,-0.015022083246838592,-0.031026723758931205,nan,-0.10462164351165232,-0.23299161461268605,nan
unet_img_delta_s2026,GRA29_C20_45deg_particle4,rollout,256-512,256,1.203125,0,4,target_steps,5.399096488952637,0.9442826558546353,0.13543543053879809,nan,0.9408451040259205,1.4213546235146628,nan,0.8910252933144842,1.5989922894808928,nan
unet_multichannel_delta,GRA29_C20_25deg_particle1,next_frame,all,3000,0.53857421875,0,4,target_steps,0.8258289694786072,0.999998266921761,1.000081137553765,0.9999971320208509,0.999995045168775,1.0010419486995494,0.9999920182767296,0.9999919385631575,0.9984541911787873,0.9999895009577281
unet_multichannel_delta,GRA29_C20_25deg_particle2,next_frame,all,3000,0.65234375,0,4,target_steps,0.8575499653816223,0.999995320473936,1.0006694295525642,0.9999914006323228,0.9999857194694176,1.0006359981294226,0.999971014709949,0.9999817160919535,0.9990915944864298,0.9999701944081756
unet_multichannel_delta,GRA29_C20_25deg_particle3,next_frame,all,3000,0.751953125,0,4,target_steps,0.867987334728241,0.99999224395057,1.0010237508205102,0.999992088487572,0.9999900109071228,1.001397259458557,0.9999852791896269,0.9999861140416078,1.0001425408547522,0.9999710484527436
unet_multichannel_delta,GRA29_C20_25deg_particle4,next_frame,all,3000,1.083984375,0,4,target_steps,1.050473928451538,0.9999516174497651,1.0075388360429214,0.9999809784259559,0.9999485691823601,1.0066459444162537,0.9999632665967104,0.9999472349134848,1.002893566977122,0.999932770201435
unet_multichannel_delta,GRA29_C20_45deg_particle1,next_frame,all,3000,0.52294921875,0,4,target_steps,0.8502331972122192,0.9999945070913019,0.9997518400529832,0.9999923763267862,0.999987703432145,1.000231823644407,0.9999762832844239,0.9999884848755946,0.9984710368236245,0.9999857109071019
unet_multichannel_delta,GRA29_C20_45deg_particle2,next_frame,all,3000,0.417724609375,0,4,target_steps,0.8735999464988708,0.9999682433661757,0.9994441677348017,0.9999688191591526,0.9998888073014516,0.9996684468505278,0.9999221397659214,0.9999472051038516,1.0002134523472441,0.9999492261141468
unet_multichannel_delta,GRA29_C20_45deg_particle3,next_frame,all,3000,0.8026855468750007,0,4,target_steps,0.88611900806427,0.9999833043178336,1.0010308941458368,0.9999794776298374,0.999958906106932,1.0012395915103998,0.9999746506361192,0.9999498379808994,1.0000351822565978,0.9999308359547929
unet_multichannel_delta,GRA29_C20_45deg_particle4,next_frame,all,3000,1.203125,0,4,target_steps,1.0596356391906738,0.9993805444688175,1.0109985768643472,0.9995087845105449,0.9992041333078794,1.0019465814367694,0.9991510932904322,0.9998090330311842,1.0050567599913958,0.9997775798897593
unet_multichannel_delta,GRA29_C20_25deg_particle1,rollout,0-32,32,0.53857421875,0,4,target_steps,1.3024665117263794,-0.5304223438461301,-0.19618793902202133,nan,0.2902313995381187,0.5930513335083658,nan,-0.23104151636344308,-0.6375226464469956,nan
unet_multichannel_delta,GRA29_C20_25deg_particle1,rollout,32-128,96,0.53857421875,0,4,target_steps,3.3390791416168213,-0.8754291623632964,-0.13758998327933827,nan,0.3798212796941054,0.9533595761697481,nan,-0.6039042320394334,-0.9986660108315839,nan
unet_multichannel_delta,GRA29_C20_25deg_particle1,rollout,128-256,128,0.53857421875,0,4,target_steps,5.579019546508789,-0.9745813994041429,-0.1451979763453956,nan,-0.9554075597442855,-0.6118874958741449,nan,-0.9665738211868203,-0.7515788083746144,nan
unet_multichannel_delta,GRA29_C20_25deg_particle1,rollout,256-512,256,0.53857421875,0,4,target_steps,nan,-0.2994858076559592,-1.1820786202247115e-33,nan,-0.235604948897516,-8.780212339041828e-35,nan,0.6093532526932882,0.025861689748621464,nan
unet_multichannel_delta,GRA29_C20_25deg_particle2,rollout,0-32,32,0.65234375,0,4,target_steps,1.0364997386932373,0.153576985362433,0.05660874136372532,nan,-0.2592728800857556,-0.14258317555724437,nan,0.4110931063293352,0.11428741276401626,nan
unet_multichannel_delta,GRA29_C20_25deg_particle2,rollout,32-128,96,0.65234375,0,4,target_steps,2.5263872146606445,-0.24901706405470053,-0.13691201967689196,nan,-0.7430190897221284,-0.501599483345638,nan,0.34235214814333925,0.07165804555779078,nan
unet_multichannel_delta,GRA29_C20_25deg_particle2,rollout,128-256,128,0.65234375,0,4,target_steps,4.1251678466796875,-0.9664106948978362,-0.16309754050753852,nan,0.8343211316591124,0.49256211112749193,nan,0.7904219855585419,0.5301407996327699,nan
unet_multichannel_delta,GRA29_C20_25deg_particle2,rollout,256-512,256,0.65234375,0,4,target_steps,8.999334335327148,0.7790709355352841,0.07030848356329009,nan,0.8287764565881632,0.19726287298726167,nan,0.848792374231059,0.17960575149933253,nan
unet_multichannel_delta,GRA29_C20_25deg_particle3,rollout,0-32,32,0.751953125,0,4,target_steps,1.0016788244247437,-0.36450465103855356,-1.027369327584526,nan,-0.3097825498420076,-0.3226274772829028,nan,-0.19955565861735491,-0.09964692036092408,nan
unet_multichannel_delta,GRA29_C20_25deg_particle3,rollout,32-128,96,0.751953125,0,4,target_steps,2.7104082107543945,-0.8293433470176036,-0.18344199818697446,nan,-0.6654890841365673,-0.5439162199806008,nan,0.17472963100111585,0.11256198161783755,nan
unet_multichannel_delta,GRA29_C20_25deg_particle3,rollout,128-256,128,0.751953125,0,4,target_steps,5.151613712310791,-0.8862212021499941,-0.08280443660985609,nan,0.8266087294198053,1.2754969786747152,nan,-0.6597406500173141,-1.219819439610554,nan
unet_multichannel_delta,GRA29_C20_25deg_particle3,rollout,256-512,256,0.751953125,0,4,target_steps,6.231738327833659e+21,0.26132974645604057,1.2528856206840832e-24,nan,-0.21847117767870666,-4.779815501233744e-24,nan,-0.8902110375890449,-0.026813256947578874,nan
unet_multichannel_delta,GRA29_C20_25deg_particle4,rollout,0-32,32,1.083984375,0,4,target_steps,1.030053734779358,0.7683768496299413,0.37515026080096137,nan,0.0399343022467869,0.023537930054108983,nan,0.1995978010890029,0.101132952030329,nan
unet_multichannel_delta,GRA29_C20_25deg_particle4,rollout,32-128,96,1.083984375,0,4,target_steps,2.3916373252868652,0.733142297173291,0.31618361323685784,nan,-0.7701069723802997,-0.2685587543096531,nan,-0.4539889979892359,-0.12028996783021367,nan
unet_multichannel_delta,GRA29_C20_25deg_particle4,rollout,128-256,128,1.083984375,0,4,target_steps,4.127737045288086,0.896266956818735,0.2820433023454731,nan,-0.9082743063324542,-0.8600703187056274,nan,-0.6243095321839086,-0.7095802706802093,nan
unet_multichannel_delta,GRA29_C20_25deg_particle4,rollout,256-512,256,1.083984375,0,4,target_steps,8.017891883850098,0.9460657242863187,0.14697998394028702,nan,0.7105435844123388,1.1358355114771466,nan,0.890215273446127,1.524589542254323,nan
unet_multichannel_delta,GRA29_C20_45deg_particle1,rollout,0-32,32,0.52294921875,0,4,target_steps,1.5458370447158813,0.3173528000161864,0.07542421705515691,nan,-0.7039500224825198,-1.9116335861544065,nan,-0.5743957791038121,-0.7980640448069986,nan
unet_multichannel_delta,GRA29_C20_45deg_particle1,rollout,32-128,96,0.52294921875,0,4,target_steps,5.55048942565918,0.28211534884368217,0.018289443704885104,nan,0.1816769989495786,0.08286153250710279,nan,-0.2901903724435546,-0.12768860236805166,nan
unet_multichannel_delta,GRA29_C20_45deg_particle1,rollout,128-256,128,0.52294921875,0,4,target_steps,12.831975936889648,0.22481343229371067,0.0057801474424217835,nan,-0.005913409036563533,-0.0037083020742053924,nan,0.12095589013288792,0.07625470846180535,nan
unet_multichannel_delta,GRA29_C20_45deg_particle1,rollout,256-512,256,0.52294921875,0,4,target_steps,nan,0.26529708752064046,3.7973538927842185e-35,nan,-0.21163108899298935,-4.225079456127035e-35,nan,0.5256596412504656,0.010178028559820267,nan
unet_multichannel_delta,GRA29_C20_45deg_particle2,rollout,0-32,32,0.417724609375,0,4,target_steps,1.7047066688537598,0.2426584666231457,0.07873929775535955,nan,0.19798416131227542,0.051769360010882934,nan,0.2782616028325398,0.062346370856348234,nan
unet_multichannel_delta,GRA29_C20_45deg_particle2,rollout,32-128,96,0.417724609375,0,4,target_steps,6.947524070739746,0.34604082838367795,0.01916314720609436,nan,0.2631209388301102,0.039621357008313186,nan,0.08495572027090129,0.017557489427635183,nan
unet_multichannel_delta,GRA29_C20_45deg_particle2,rollout,128-256,128,0.417724609375,0,4,target_steps,16.384946823120117,0.05473501783638966,0.0010887967892520849,nan,-0.1337845284271414,-0.1077468023646972,nan,-0.12389037970990123,-0.19419453290868977,nan
unet_multichannel_delta,GRA29_C20_45deg_particle2,rollout,256-512,256,0.417724609375,0,4,target_steps,37.85120391845703,0.8268107791565565,0.01544033219988428,nan,0.9356276550206163,0.12227739444827089,nan,0.9614455945498126,0.18820590022823885,nan
unet_multichannel_delta,GRA29_C20_45deg_particle3,rollout,0-32,32,0.8026855468750007,0,4,target_steps,1.060656189918518,-0.4468882666619104,-0.18251989723009512,nan,-0.36563196337383963,-0.16574428876502337,nan,-0.5695659741318411,-0.2702340558881289,nan
unet_multichannel_delta,GRA29_C20_45deg_particle3,rollout,32-128,96,0.8026855468750007,0,4,target_steps,3.1066319942474365,-0.672751043585152,-0.5540199555363676,nan,-0.23953758320531024,-0.061413028321319695,nan,-0.7743614035967172,-0.2013824565988569,nan
unet_multichannel_delta,GRA29_C20_45deg_particle3,rollout,128-256,128,0.8026855468750007,0,4,target_steps,6.71132230758667,0.6823588909196664,0.10112997872809601,nan,-0.09185971767847499,-0.08913212533991598,nan,-0.497562468165269,-0.3996235013522574,nan
unet_multichannel_delta,GRA29_C20_45deg_particle3,rollout,256-512,256,0.8026855468750007,0,4,target_steps,14.99343490600586,0.976347703037737,0.08062695781970829,nan,0.9648320696777528,0.5358795914175959,nan,0.9645534423341157,0.40002884662065363,nan
unet_multichannel_delta,GRA29_C20_45deg_particle4,rollout,0-32,32,1.203125,0,4,target_steps,0.9836090803146362,-0.5724350027197259,-0.12588501884846903,nan,-0.5786401029350565,-0.23802539939993791,nan,-0.590152913426011,-0.29576891781936515,nan
unet_multichannel_delta,GRA29_C20_45deg_particle4,rollout,32-128,96,1.203125,0,4,target_steps,2.287966251373291,0.02059626853862113,0.003985769066680255,nan,-0.010901689123205717,-0.0032071774735464758,nan,-0.11959570821584513,-0.03682528559739478,nan
unet_multichannel_delta,GRA29_C20_45deg_particle4,rollout,128-256,128,1.203125,0,4,target_steps,4.932748794555664,0.23291743681440397,0.5772044626787862,nan,0.0016212228765902087,0.0009487756644499774,nan,0.13108966229891914,0.19097858516902136,nan
unet_multichannel_delta,GRA29_C20_45deg_particle4,rollout,256-512,256,1.203125,0,4,target_steps,10.377814292907715,0.966612532998971,0.11293896381947674,nan,-0.7921928889685997,-0.9658655279731048,nan,0.1498183664460523,0.5466980463997343,nan
walrus_native,GRA29_C20_45deg_particle1,next_frame,all,500,0.52294921875,0,4,target_steps,1.3855352401733398,0.9999853863127052,0.9998826367768199,0.9999850320724866,0.9999768868640999,1.0004577929460827,0.9999781676094699,0.9999680328301465,1.0027218850464765,0.9999794188729184
walrus_native,GRA29_C20_45deg_particle2,next_frame,all,500,0.417724609375,0,4,target_steps,1.3156936168670654,0.9999447501330608,0.999598583140537,0.9999440154962879,0.999873754628034,1.0011406229990751,0.9998747576817827,0.9999143605760616,1.0018657014602719,0.9999226234077623
walrus_native,GRA29_C20_45deg_particle3,next_frame,all,500,0.8026855468750007,0,4,target_steps,1.2349090576171875,0.9999707435094973,1.0001681205855568,0.9999704677946005,0.9999781547033085,1.0006065799814288,0.9999779178254644,0.9999010962283261,0.9994682368127259,0.9999008964717164
walrus_native,GRA29_C20_45deg_particle4,next_frame,all,500,1.203125,0,4,target_steps,1.1822221279144287,0.998619123099163,0.9967920739207016,0.9986195395688661,0.9976135071904925,0.9956090461066961,0.9976082087752675,0.9998336237820101,0.9995787855654126,0.9998364989036876
walrus_native,GRA29_C20_45deg_particle1,rollout_anchored,0-32,32,3.55078125,2844,2848,target_steps,1.044906735420227,0.07622172012359768,0.0032335877380540176,0.0754191727613901,-0.06349263711749613,-0.008811737838762568,-0.05845696121150053,-0.19541625085581255,-0.012984767066649782,-0.20929937042611865
walrus_native,GRA29_C20_45deg_particle1,rollout_anchored,32-128,96,3.55078125,2844,2848,target_steps,1.0114006996154785,-0.48740985993323377,-0.010663385440647315,-0.4874740474853204,-0.38943409420787545,-0.01759262977566155,-0.39041245375886735,-0.31233552025934247,-0.007455267751854883,-0.3160257629664385
walrus_native,GRA29_C20_45deg_particle1,rollout_anchored,128-256,128,3.55078125,2844,2848,target_steps,1.0050534009933472,-0.39530531355417486,-0.03329897825884109,-0.39534791819963866,-0.5572251749168661,-0.02791945558743056,-0.5614024970976886,-0.6595440226372592,-0.03506766136368969,-0.6605768163648541
walrus_native,GRA29_C20_45deg_particle1,rollout_anchored,256-512,256,3.55078125,2844,2848,target_steps,1.0024744272232056,-0.9891273680868016,-0.17226216284879062,-0.9891219178334282,-0.8638203115406358,-0.07532327151140764,-0.8638804691674777,-0.9210389403704808,-0.18087199215744257,-0.9212085713314419
walrus_native,GRA29_C20_45deg_particle2,rollout_anchored,0-32,32,3.166015625,2844,2848,target_steps,1.045845866203308,0.5307831012772358,0.032866721216980276,0.5276675862624981,-0.4860893923630765,-0.0424951796573611,-0.47037841471327674,0.08561027920841599,0.008079046610450837,0.09731882656276473
walrus_native,GRA29_C20_45deg_particle2,rollout_anchored,32-128,96,3.166015625,2844,2848,target_steps,1.0115886926651,0.15427795174047756,0.00292222380581654,0.15525103438989843,0.06960276601456544,0.0018846235531396636,0.0663014411091687,-0.04655382525253337,-0.0041463141810259094,-0.04517171499913738
walrus_native,GRA29_C20_45deg_particle2,rollout_anchored,128-256,128,3.166015625,2844,2848,target_steps,1.005063772201538,-0.0696010347771574,-0.009274813897701817,-0.06838522580967672,-0.3301951709769936,-0.05665834311216127,-0.3292347180803538,-0.7582467982823361,-0.37511007240924066,-0.7630700533559284
walrus_native,GRA29_C20_45deg_particle2,rollout_anchored,256-512,256,3.166015625,2844,2848,target_steps,1.0025421380996704,-0.9086741140623161,-0.03923398720840566,-0.9086148854849218,0.3510410256871035,0.041994496519460564,0.35143390011167086,0.8217367307238583,0.41171616516461673,0.8220196618021082
walrus_native,GRA29_C20_45deg_particle3,rollout_anchored,0-32,32,4.296875,2844,2848,target_steps,1.048683524131775,0.10233922872499936,0.006673222014959772,0.10295044811294132,0.3745811884899243,0.07942490102770554,0.36840706980618493,0.33711565211641753,0.04674670071340849,0.3286599993471277
walrus_native,GRA29_C20_45deg_particle3,rollout_anchored,32-128,96,4.296875,2844,2848,target_steps,1.0112277269363403,-0.6299049280952804,-0.01711755692640184,-0.6301939162921472,-0.05191116852325777,-0.00269540225764815,-0.05862969841970338,-0.5990522402511095,-0.03764713276985473,-0.5989242871487082
walrus_native,GRA29_C20_45deg_particle3,rollout_anchored,128-256,128,4.296875,2844,2848,target_steps,1.0045181512832642,0.07813051581449149,0.006478862859755786,0.07809045563832896,0.4599702445621049,0.06057397675915761,0.46048791074312256,0.6603914897634833,0.09041731000145785,0.6594679419599586
walrus_native,GRA29_C20_45deg_particle3,rollout_anchored,256-512,256,4.296875,2844,2848,target_steps,1.0022014379501343,-0.9739325838950517,-1.1896788789265842,-0.9739539954622941,-0.7013353472787417,-1.2147152530615422,-0.7006081883410945,-0.939010772356869,-0.7148070611048722,-0.9391709787001956
walrus_native,GRA29_C20_45deg_particle4,rollout_anchored,0-32,32,5.1015625,2844,2848,target_steps,1.0375690460205078,0.5819247047275574,0.0500052236896837,0.5853369952098426,0.5207430642611401,0.2514517952533637,0.5110100344216072,0.39552361880612574,0.11733491673656632,0.40363373652170037
walrus_native,GRA29_C20_45deg_particle4,rollout_anchored,32-128,96,5.1015625,2844,2848,target_steps,1.0108797550201416,-0.4823974516978791,-0.013899823646358165,-0.4827399668963817,0.29144292649163145,0.04048779140737987,0.2810052783355955,0.2485366356504441,0.025970212027942693,0.24105616201174052
walrus_native,GRA29_C20_45deg_particle4,rollout_anchored,128-256,128,5.1015625,2844,2848,target_steps,1.0050420761108398,0.05138190759037018,0.043465947728608435,0.051428636862608325,0.096026977803003,0.18754676250675317,0.09419817171868707,0.058616048543116146,0.03276715199238258,0.060867006435990925
walrus_native,GRA29_C20_45deg_particle4,rollout_anchored,256-512,256,5.1015625,2844,2848,target_steps,1.0023342370986938,-0.9618045040189702,-0.6753963596248839,-0.9618021748993034,0.3709517162514748,0.09241898258696764,0.3729986423318448,-0.09875313456377245,-0.028113955852953943,-0.09957333149265864
walrus_native_corrected,GRA29_C20_45deg_particle1,rollout_anchored,0-32,32,3.55078125,2844,2848,target_steps,4.473521709442139,0.07622172012359768,0.0032335877380540176,nan,-0.06349263711749613,-0.008811737838762568,nan,-0.19541625085581255,-0.012984767066649782,nan
walrus_native_corrected,GRA29_C20_45deg_particle1,rollout_anchored,32-128,96,3.55078125,2844,2848,target_steps,13.771376609802246,-0.48740985993323377,-0.010663385440647315,nan,-0.38943409420787545,-0.01759262977566155,nan,-0.31233552025934247,-0.007455267751854883,nan
walrus_native_corrected,GRA29_C20_45deg_particle1,rollout_anchored,128-256,128,3.55078125,2844,2848,target_steps,20.67314338684082,-0.39530531355417486,-0.03329897825884109,nan,-0.5572251749168661,-0.02791945558743056,nan,-0.6595440226372592,-0.03506766136368969,nan
walrus_native_corrected,GRA29_C20_45deg_particle1,rollout_anchored,256-512,256,3.55078125,2844,2848,target_steps,17.83141326904297,-0.9891273680868016,-0.17226216284879062,nan,-0.8638203115406358,-0.07532327151140764,nan,-0.9210389403704808,-0.18087199215744257,nan
walrus_native_corrected,GRA29_C20_45deg_particle2,rollout_anchored,0-32,32,3.166015625,2844,2848,target_steps,2.6233413219451904,0.5307831012772358,0.032866721216980276,nan,-0.4860893923630765,-0.0424951796573611,nan,0.08561027920841599,0.008079046610450837,nan
walrus_native_corrected,GRA29_C20_45deg_particle2,rollout_anchored,32-128,96,3.166015625,2844,2848,target_steps,10.349493980407715,0.15427795174047756,0.00292222380581654,nan,0.06960276601456544,0.0018846235531396636,nan,-0.04655382525253337,-0.0041463141810259094,nan
walrus_native_corrected,GRA29_C20_45deg_particle2,rollout_anchored,128-256,128,3.166015625,2844,2848,target_steps,16.079742431640625,-0.0696010347771574,-0.009274813897701817,nan,-0.3301951709769936,-0.05665834311216127,nan,-0.7582467982823361,-0.37511007240924066,nan
walrus_native_corrected,GRA29_C20_45deg_particle2,rollout_anchored,256-512,256,3.166015625,2844,2848,target_steps,20.26370620727539,-0.9086741140623161,-0.03923398720840566,nan,0.3510410256871035,0.041994496519460564,nan,0.8217367307238583,0.41171616516461673,nan
walrus_native_corrected,GRA29_C20_45deg_particle3,rollout_anchored,0-32,32,4.296875,2844,2848,target_steps,3.7555441856384277,0.10233922872499936,0.006673222014959772,nan,0.3745811884899243,0.07942490102770554,nan,0.33711565211641753,0.04674670071340849,nan
walrus_native_corrected,GRA29_C20_45deg_particle3,rollout_anchored,32-128,96,4.296875,2844,2848,target_steps,12.475236892700195,-0.6299049280952804,-0.01711755692640184,nan,-0.05191116852325777,-0.00269540225764815,nan,-0.5990522402511095,-0.03764713276985473,nan
walrus_native_corrected,GRA29_C20_45deg_particle3,rollout_anchored,128-256,128,4.296875,2844,2848,target_steps,16.59148597717285,0.07813051581449149,0.006478862859755786,nan,0.4599702445621049,0.06057397675915761,nan,0.6603914897634833,0.09041731000145785,nan
walrus_native_corrected,GRA29_C20_45deg_particle3,rollout_anchored,256-512,256,4.296875,2844,2848,target_steps,5.86043643951416,-0.9739325838950517,-1.1896788789265842,nan,-0.7013353472787417,-1.2147152530615422,nan,-0.939010772356869,-0.7148070611048722,nan
walrus_native_corrected,GRA29_C20_45deg_particle4,rollout_anchored,0-32,32,5.1015625,2844,2848,target_steps,2.527445077896118,0.5819247047275574,0.0500052236896837,nan,0.5207430642611401,0.2514517952533637,nan,0.39552361880612574,0.11733491673656632,nan
walrus_native_corrected,GRA29_C20_45deg_particle4,rollout_anchored,32-128,96,5.1015625,2844,2848,target_steps,6.628603935241699,-0.4823974516978791,-0.013899823646358165,nan,0.29144292649163145,0.04048779140737987,nan,0.2485366356504441,0.025970212027942693,nan
walrus_native_corrected,GRA29_C20_45deg_particle4,rollout_anchored,128-256,128,5.1015625,2844,2848,target_steps,9.95446491241455,0.05138190759037018,0.043465947728608435,nan,0.096026977803003,0.18754676250675317,nan,0.058616048543116146,0.03276715199238258,nan
walrus_native_corrected,GRA29_C20_45deg_particle4,rollout_anchored,256-512,256,5.1015625,2844,2848,target_steps,8.15554428100586,-0.9618045040189702,-0.6753963596248839,nan,0.3709517162514748,0.09241898258696764,nan,-0.09875313456377245,-0.028113955852953943,nan
