tag,stem,mode,observable,phase,n_steps,slope_true_per_s,slope_pred_per_s,slope_naive_per_s
convlstm_multichannel_delta,GRA29_C20_25deg_particle1,next_frame,mean,positive_current,511,-1.996702514507647e-05,-1.9973738871457676e-05,-1.9835324867848408e-05
convlstm_multichannel_delta,GRA29_C20_25deg_particle1,next_frame,mean,negative_current,2438,4.375683031457783e-05,4.375244396967231e-05,4.373526945865347e-05
convlstm_multichannel_delta,GRA29_C20_25deg_particle1,next_frame,p95,positive_current,511,-1.2962546148429928e-05,-1.3155174630783408e-05,-1.2920130688994267e-05
convlstm_multichannel_delta,GRA29_C20_25deg_particle1,next_frame,p95,negative_current,2438,6.419664538425853e-05,6.422351749720481e-05,6.417358680156727e-05
convlstm_multichannel_delta,GRA29_C20_25deg_particle1,next_frame,bright_frac90,positive_current,511,-2.044444984678814e-06,-2.047216957714132e-06,-2.0313614031843724e-06
convlstm_multichannel_delta,GRA29_C20_25deg_particle1,next_frame,bright_frac90,negative_current,2438,1.4851539020030262e-05,1.488695740093554e-05,1.485057496723625e-05
convlstm_multichannel_delta,GRA29_C20_25deg_particle2,next_frame,mean,positive_current,511,-2.0026451056343203e-05,-1.9961366780969624e-05,-1.9867175950884726e-05
convlstm_multichannel_delta,GRA29_C20_25deg_particle2,next_frame,mean,negative_current,2438,4.067485856519537e-05,4.065781224606418e-05,4.065865344097267e-05
convlstm_multichannel_delta,GRA29_C20_25deg_particle2,next_frame,p95,positive_current,511,-1.1738809591846516e-05,-1.2407932477984463e-05,-1.179225893848736e-05
convlstm_multichannel_delta,GRA29_C20_25deg_particle2,next_frame,p95,negative_current,2438,6.605292083484213e-05,6.60770066883718e-05,6.604180059351031e-05
convlstm_multichannel_delta,GRA29_C20_25deg_particle2,next_frame,bright_frac90,positive_current,511,-3.3348023656179184e-06,-3.335790770249394e-06,-3.3186779368776486e-06
convlstm_multichannel_delta,GRA29_C20_25deg_particle2,next_frame,bright_frac90,negative_current,2438,1.2801610168564676e-05,1.2819742117948525e-05,1.2800472338084111e-05
convlstm_multichannel_delta,GRA29_C20_25deg_particle3,next_frame,mean,positive_current,511,-3.2864755382220996e-05,-3.276743428862515e-05,-3.268168609922487e-05
convlstm_multichannel_delta,GRA29_C20_25deg_particle3,next_frame,mean,negative_current,2438,3.552622182790272e-05,3.551883073461324e-05,3.5509250746936345e-05
convlstm_multichannel_delta,GRA29_C20_25deg_particle3,next_frame,p95,positive_current,511,-3.437143730079904e-05,-3.407773063041279e-05,-3.398275132352971e-05
convlstm_multichannel_delta,GRA29_C20_25deg_particle3,next_frame,p95,negative_current,2438,7.96740355193255e-05,7.969287952515145e-05,7.963806696279341e-05
convlstm_multichannel_delta,GRA29_C20_25deg_particle3,next_frame,bright_frac90,positive_current,511,-5.462551097727779e-06,-5.437245180270826e-06,-5.44525080843098e-06
convlstm_multichannel_delta,GRA29_C20_25deg_particle3,next_frame,bright_frac90,negative_current,2438,1.0597112172129189e-05,1.059112721321042e-05,1.0593767470255353e-05
convlstm_multichannel_delta,GRA29_C20_25deg_particle4,next_frame,mean,positive_current,511,-8.004283920370054e-05,-7.953653139064292e-05,-7.954323266049126e-05
convlstm_multichannel_delta,GRA29_C20_25deg_particle4,next_frame,mean,negative_current,2438,4.3763509764405723e-05,4.375258629513808e-05,4.374501713832838e-05
convlstm_multichannel_delta,GRA29_C20_25deg_particle4,next_frame,p95,positive_current,511,-0.00012368450800351368,-0.00012260671831152833,-0.0001226730371275991
convlstm_multichannel_delta,GRA29_C20_25deg_particle4,next_frame,p95,negative_current,2438,8.021005037779977e-05,8.02267695042906e-05,8.017504679739006e-05
convlstm_multichannel_delta,GRA29_C20_25deg_particle4,next_frame,bright_frac90,positive_current,511,-1.3462353088974589e-05,-1.3376294411297945e-05,-1.3390941584308185e-05
convlstm_multichannel_delta,GRA29_C20_25deg_particle4,next_frame,bright_frac90,negative_current,2438,1.267520842172804e-05,1.2681723590764285e-05,1.2671130657177407e-05
convlstm_multichannel_delta,GRA29_C20_45deg_particle1,next_frame,mean,positive_current,130,-1.7984515289979894e-06,-1.1436844565040482e-06,-1.7995116806573049e-06
convlstm_multichannel_delta,GRA29_C20_45deg_particle1,next_frame,mean,negative_current,2794,3.085781048692451e-05,3.084778342573905e-05,3.083991999956615e-05
convlstm_multichannel_delta,GRA29_C20_45deg_particle1,next_frame,p95,positive_current,130,-1.5962207440836842e-06,-3.9456814877937356e-06,-1.5770110951798393e-06
convlstm_multichannel_delta,GRA29_C20_45deg_particle1,next_frame,p95,negative_current,2794,5.096887277937159e-05,5.101341952238662e-05,5.0949612465667554e-05
convlstm_multichannel_delta,GRA29_C20_45deg_particle1,next_frame,bright_frac90,positive_current,130,6.568993234663773e-08,1.785831129093503e-07,8.499191460079019e-08
convlstm_multichannel_delta,GRA29_C20_45deg_particle1,next_frame,bright_frac90,negative_current,2794,1.1511743175138112e-05,1.1539812160392948e-05,1.1510829331512005e-05
convlstm_multichannel_delta,GRA29_C20_45deg_particle2,next_frame,mean,positive_current,130,-1.1739652852956379e-06,8.861783051622447e-08,-1.1740172573721532e-06
convlstm_multichannel_delta,GRA29_C20_45deg_particle2,next_frame,mean,negative_current,2794,2.6199167912066143e-05,2.619745109174518e-05,2.6186093039382547e-05
convlstm_multichannel_delta,GRA29_C20_45deg_particle2,next_frame,p95,positive_current,130,3.7760041123528185e-06,2.8344553781627322e-06,3.895897601042791e-06
convlstm_multichannel_delta,GRA29_C20_45deg_particle2,next_frame,p95,negative_current,2794,4.519211695718556e-05,4.5180393105043184e-05,4.5173260052337496e-05
convlstm_multichannel_delta,GRA29_C20_45deg_particle2,next_frame,bright_frac90,positive_current,130,-5.023099683722474e-08,2.8074073735556785e-07,-6.134119933919376e-08
convlstm_multichannel_delta,GRA29_C20_45deg_particle2,next_frame,bright_frac90,negative_current,2794,1.041765600354639e-05,1.0433554894798968e-05,1.0416921935595369e-05
convlstm_multichannel_delta,GRA29_C20_45deg_particle3,next_frame,mean,positive_current,130,-2.3755506530076087e-06,-8.484783614622786e-07,-2.389822566839469e-06
convlstm_multichannel_delta,GRA29_C20_45deg_particle3,next_frame,mean,negative_current,2794,3.282283795937386e-05,3.280544216524703e-05,3.280711064274803e-05
convlstm_multichannel_delta,GRA29_C20_45deg_particle3,next_frame,p95,positive_current,130,1.6564618447392059e-06,-8.998425228059242e-07,1.6092501421312558e-06
convlstm_multichannel_delta,GRA29_C20_45deg_particle3,next_frame,p95,negative_current,2794,6.955119729271142e-05,6.956998120633509e-05,6.952166505557348e-05
convlstm_multichannel_delta,GRA29_C20_45deg_particle3,next_frame,bright_frac90,positive_current,130,-9.42358073083201e-07,-1.5421597754597801e-07,-9.311183800032299e-07
convlstm_multichannel_delta,GRA29_C20_45deg_particle3,next_frame,bright_frac90,negative_current,2794,1.105844520051928e-05,1.1051477189449066e-05,1.1054935330370819e-05
convlstm_multichannel_delta,GRA29_C20_45deg_particle4,next_frame,mean,positive_current,130,-1.1764593538342311e-05,-1.0037697334344683e-05,-1.1900953391613548e-05
convlstm_multichannel_delta,GRA29_C20_45deg_particle4,next_frame,mean,negative_current,2794,3.162726271033146e-05,3.160337499514572e-05,3.160682435870868e-05
convlstm_multichannel_delta,GRA29_C20_45deg_particle4,next_frame,p95,positive_current,130,-2.7804316708432016e-05,-2.635816912088117e-05,-2.8402472302609942e-05
convlstm_multichannel_delta,GRA29_C20_45deg_particle4,next_frame,p95,negative_current,2794,7.124461229184384e-05,7.12097380536473e-05,7.120125444949397e-05
convlstm_multichannel_delta,GRA29_C20_45deg_particle4,next_frame,bright_frac90,positive_current,130,-7.468720029481563e-07,-5.992959773620028e-07,-7.459017276879111e-07
convlstm_multichannel_delta,GRA29_C20_45deg_particle4,next_frame,bright_frac90,negative_current,2794,8.233505063815039e-06,8.237880837182459e-06,8.230248866244606e-06
convlstm_multichannel_delta,GRA29_C20_25deg_particle1,rollout,mean,negative_current,512,3.65409893384446e-07,-9.556801432065927e-06,2.325048961131679e-20
convlstm_multichannel_delta,GRA29_C20_25deg_particle1,rollout,p95,negative_current,512,7.310052861062411e-07,-1.5132744811178867e-06,-6.20013056301781e-20
convlstm_multichannel_delta,GRA29_C20_25deg_particle1,rollout,bright_frac90,negative_current,512,8.139019526070584e-07,1.4009957964407083e-06,-6.642997031804797e-21
convlstm_multichannel_delta,GRA29_C20_25deg_particle2,rollout,mean,negative_current,512,2.354665671830219e-07,-1.2925345286461587e-05,3.321498515902399e-20
convlstm_multichannel_delta,GRA29_C20_25deg_particle2,rollout,p95,negative_current,512,-2.4730645900888798e-06,-3.0445368629115697e-05,5.3143976254438374e-20
convlstm_multichannel_delta,GRA29_C20_25deg_particle2,rollout,bright_frac90,negative_current,512,-3.70128145446711e-06,-2.840781634237781e-06,4.428664687869865e-21
convlstm_multichannel_delta,GRA29_C20_25deg_particle3,rollout,mean,negative_current,512,-4.3222710213227454e-07,-6.730169539894941e-06,1.5500326407544526e-20
convlstm_multichannel_delta,GRA29_C20_25deg_particle3,rollout,p95,negative_current,512,-4.6809114227357486e-06,-2.7441272550379662e-05,1.771465875147946e-20
convlstm_multichannel_delta,GRA29_C20_25deg_particle3,rollout,bright_frac90,negative_current,512,-5.566149357576111e-07,-3.7804010190197908e-06,1.3285994063609593e-20
convlstm_multichannel_delta,GRA29_C20_25deg_particle4,rollout,mean,negative_current,512,-3.2073128809047886e-06,-8.185885569304408e-06,4.650097922263358e-20
convlstm_multichannel_delta,GRA29_C20_25deg_particle4,rollout,p95,negative_current,512,-1.3223871864359145e-05,-1.5147895341946356e-05,-7.085863500591784e-20
convlstm_multichannel_delta,GRA29_C20_25deg_particle4,rollout,bright_frac90,negative_current,512,-6.284922566272294e-06,-7.289456925111488e-06,-2.2143323439349326e-21
convlstm_multichannel_delta,GRA29_C20_45deg_particle1,rollout,mean,negative_current,487,-4.724146973201428e-07,-8.62431059045987e-06,0.0
convlstm_multichannel_delta,GRA29_C20_45deg_particle1,rollout,p95,negative_current,487,-9.373561589182794e-07,-2.018674716592777e-06,1.9090354101516748e-20
convlstm_multichannel_delta,GRA29_C20_45deg_particle1,rollout,bright_frac90,negative_current,487,-1.0704233749227548e-06,1.6000720450457672e-06,7.158882788068782e-21
convlstm_multichannel_delta,GRA29_C20_45deg_particle2,rollout,mean,negative_current,487,-2.2971232605601453e-07,-4.493009510604913e-06,-1.2528044879120367e-20
convlstm_multichannel_delta,GRA29_C20_45deg_particle2,rollout,p95,negative_current,487,-1.0304791328802411e-06,-1.8955337975464178e-05,-6.681623935530863e-20
convlstm_multichannel_delta,GRA29_C20_45deg_particle2,rollout,bright_frac90,negative_current,487,-1.6286107522346768e-06,-5.793104061188549e-07,-5.965735656723984e-21
convlstm_multichannel_delta,GRA29_C20_45deg_particle3,rollout,mean,negative_current,487,-1.417449923544496e-06,-6.202337977594552e-06,-1.4317765576137564e-20
convlstm_multichannel_delta,GRA29_C20_45deg_particle3,rollout,p95,negative_current,487,-2.818570080096275e-06,-2.6902911735521276e-05,-9.545177050758374e-21
convlstm_multichannel_delta,GRA29_C20_45deg_particle3,rollout,bright_frac90,negative_current,487,-1.3700851080559205e-06,-3.1153976840305316e-06,0.0
convlstm_multichannel_delta,GRA29_C20_45deg_particle4,rollout,mean,negative_current,487,-9.172341527055241e-07,-5.9886184569318774e-06,2.3862942626895936e-20
convlstm_multichannel_delta,GRA29_C20_45deg_particle4,rollout,p95,negative_current,487,-5.803967104964865e-06,-1.687863219624746e-05,1.622680098628924e-19
convlstm_multichannel_delta,GRA29_C20_45deg_particle4,rollout,bright_frac90,negative_current,487,-1.6752239710318365e-06,-4.352140036551953e-06,-1.1931471313447968e-21
predrnnpp_image_only_delta,GRA29_C20_25deg_particle1,next_frame,mean,positive_current,511,-1.996702514507647e-05,-1.9804292638521077e-05,-1.9835324867848408e-05
predrnnpp_image_only_delta,GRA29_C20_25deg_particle1,next_frame,mean,negative_current,2438,4.375683031457783e-05,4.3743352256428926e-05,4.373526945865347e-05
predrnnpp_image_only_delta,GRA29_C20_25deg_particle1,next_frame,p95,positive_current,511,-1.2962546148429928e-05,-1.293132494786242e-05,-1.2920130688994267e-05
predrnnpp_image_only_delta,GRA29_C20_25deg_particle1,next_frame,p95,negative_current,2438,6.419664538425853e-05,6.416016686297375e-05,6.417358680156727e-05
predrnnpp_image_only_delta,GRA29_C20_25deg_particle1,next_frame,bright_frac90,positive_current,511,-2.044444984678814e-06,-2.037348992289382e-06,-2.0313614031843724e-06
predrnnpp_image_only_delta,GRA29_C20_25deg_particle1,next_frame,bright_frac90,negative_current,2438,1.4851539020030262e-05,1.4886257902220309e-05,1.485057496723625e-05
predrnnpp_image_only_delta,GRA29_C20_25deg_particle2,next_frame,mean,positive_current,511,-2.0026451056343203e-05,-1.98304855011974e-05,-1.9867175950884726e-05
predrnnpp_image_only_delta,GRA29_C20_25deg_particle2,next_frame,mean,negative_current,2438,4.067485856519537e-05,4.064726259781621e-05,4.065865344097267e-05
predrnnpp_image_only_delta,GRA29_C20_25deg_particle2,next_frame,p95,positive_current,511,-1.1738809591846516e-05,-1.2118574040519664e-05,-1.179225893848736e-05
predrnnpp_image_only_delta,GRA29_C20_25deg_particle2,next_frame,p95,negative_current,2438,6.605292083484213e-05,6.603960228530894e-05,6.604180059351031e-05
predrnnpp_image_only_delta,GRA29_C20_25deg_particle2,next_frame,bright_frac90,positive_current,511,-3.3348023656179184e-06,-3.3177674452755747e-06,-3.3186779368776486e-06
predrnnpp_image_only_delta,GRA29_C20_25deg_particle2,next_frame,bright_frac90,negative_current,2438,1.2801610168564676e-05,1.2862200729171386e-05,1.2800472338084111e-05
predrnnpp_image_only_delta,GRA29_C20_25deg_particle3,next_frame,mean,positive_current,511,-3.2864755382220996e-05,-3.258914959710682e-05,-3.268168609922487e-05
predrnnpp_image_only_delta,GRA29_C20_25deg_particle3,next_frame,mean,negative_current,2438,3.552622182790272e-05,3.550945961585763e-05,3.5509250746936345e-05
predrnnpp_image_only_delta,GRA29_C20_25deg_particle3,next_frame,p95,positive_current,511,-3.437143730079904e-05,-3.3747228033426994e-05,-3.398275132352971e-05
predrnnpp_image_only_delta,GRA29_C20_25deg_particle3,next_frame,p95,negative_current,2438,7.96740355193255e-05,7.962828038850399e-05,7.963806696279341e-05
predrnnpp_image_only_delta,GRA29_C20_25deg_particle3,next_frame,bright_frac90,positive_current,511,-5.462551097727779e-06,-5.417898372391489e-06,-5.44525080843098e-06
predrnnpp_image_only_delta,GRA29_C20_25deg_particle3,next_frame,bright_frac90,negative_current,2438,1.0597112172129189e-05,1.0598197432638136e-05,1.0593767470255353e-05
predrnnpp_image_only_delta,GRA29_C20_25deg_particle4,next_frame,mean,positive_current,511,-8.004283920370054e-05,-7.943908862866233e-05,-7.954323266049126e-05
predrnnpp_image_only_delta,GRA29_C20_25deg_particle4,next_frame,mean,negative_current,2438,4.3763509764405723e-05,4.3738611822381515e-05,4.374501713832838e-05
predrnnpp_image_only_delta,GRA29_C20_25deg_particle4,next_frame,p95,positive_current,511,-0.00012368450800351368,-0.00012253216818849507,-0.0001226730371275991
predrnnpp_image_only_delta,GRA29_C20_25deg_particle4,next_frame,p95,negative_current,2438,8.021005037779977e-05,8.020701742238855e-05,8.017504679739006e-05
predrnnpp_image_only_delta,GRA29_C20_25deg_particle4,next_frame,bright_frac90,positive_current,511,-1.3462353088974589e-05,-1.3353104122679771e-05,-1.3390941584308185e-05
predrnnpp_image_only_delta,GRA29_C20_25deg_particle4,next_frame,bright_frac90,negative_current,2438,1.267520842172804e-05,1.2708561477528e-05,1.2671130657177407e-05
predrnnpp_image_only_delta,GRA29_C20_45deg_particle1,next_frame,mean,positive_current,130,-1.7984515289979894e-06,-1.3647347215346416e-06,-1.7995116806573049e-06
predrnnpp_image_only_delta,GRA29_C20_45deg_particle1,next_frame,mean,negative_current,2794,3.085781048692451e-05,3.086433816780489e-05,3.083991999956615e-05
predrnnpp_image_only_delta,GRA29_C20_45deg_particle1,next_frame,p95,positive_current,130,-1.5962207440836842e-06,-3.623870003465421e-06,-1.5770110951798393e-06
predrnnpp_image_only_delta,GRA29_C20_45deg_particle1,next_frame,p95,negative_current,2794,5.096887277937159e-05,5.099966710576718e-05,5.0949612465667554e-05
predrnnpp_image_only_delta,GRA29_C20_45deg_particle1,next_frame,bright_frac90,positive_current,130,6.568993234663773e-08,2.3392643826030103e-07,8.499191460079019e-08
predrnnpp_image_only_delta,GRA29_C20_45deg_particle1,next_frame,bright_frac90,negative_current,2794,1.1511743175138112e-05,1.1526316335575128e-05,1.1510829331512005e-05
predrnnpp_image_only_delta,GRA29_C20_45deg_particle2,next_frame,mean,positive_current,130,-1.1739652852956379e-06,-4.745471139901029e-07,-1.1740172573721532e-06
predrnnpp_image_only_delta,GRA29_C20_45deg_particle2,next_frame,mean,negative_current,2794,2.6199167912066143e-05,2.6230939782647544e-05,2.6186093039382547e-05
predrnnpp_image_only_delta,GRA29_C20_45deg_particle2,next_frame,p95,positive_current,130,3.7760041123528185e-06,2.0609200025300503e-06,3.895897601042791e-06
predrnnpp_image_only_delta,GRA29_C20_45deg_particle2,next_frame,p95,negative_current,2794,4.519211695718556e-05,4.523548911684602e-05,4.5173260052337496e-05
predrnnpp_image_only_delta,GRA29_C20_45deg_particle2,next_frame,bright_frac90,positive_current,130,-5.023099683722474e-08,2.173812969562214e-07,-6.134119933919376e-08
predrnnpp_image_only_delta,GRA29_C20_45deg_particle2,next_frame,bright_frac90,negative_current,2794,1.041765600354639e-05,1.049555317840934e-05,1.0416921935595369e-05
predrnnpp_image_only_delta,GRA29_C20_45deg_particle3,next_frame,mean,positive_current,130,-2.3755506530076087e-06,-9.989982187702695e-07,-2.389822566839469e-06
predrnnpp_image_only_delta,GRA29_C20_45deg_particle3,next_frame,mean,negative_current,2794,3.282283795937386e-05,3.2823677474914005e-05,3.280711064274803e-05
predrnnpp_image_only_delta,GRA29_C20_45deg_particle3,next_frame,p95,positive_current,130,1.6564618447392059e-06,-8.599141356340697e-07,1.6092501421312558e-06
predrnnpp_image_only_delta,GRA29_C20_45deg_particle3,next_frame,p95,negative_current,2794,6.955119729271142e-05,6.955782444736372e-05,6.952166505557348e-05
predrnnpp_image_only_delta,GRA29_C20_45deg_particle3,next_frame,bright_frac90,positive_current,130,-9.42358073083201e-07,-1.741014395749788e-07,-9.311183800032299e-07
predrnnpp_image_only_delta,GRA29_C20_45deg_particle3,next_frame,bright_frac90,negative_current,2794,1.105844520051928e-05,1.1057204434584107e-05,1.1054935330370819e-05
predrnnpp_image_only_delta,GRA29_C20_45deg_particle4,next_frame,mean,positive_current,130,-1.1764593538342311e-05,-9.853387332430693e-06,-1.1900953391613548e-05
predrnnpp_image_only_delta,GRA29_C20_45deg_particle4,next_frame,mean,negative_current,2794,3.162726271033146e-05,3.159815702248421e-05,3.160682435870868e-05
predrnnpp_image_only_delta,GRA29_C20_45deg_particle4,next_frame,p95,positive_current,130,-2.7804316708432016e-05,-2.7306527582212485e-05,-2.8402472302609942e-05
predrnnpp_image_only_delta,GRA29_C20_45deg_particle4,next_frame,p95,negative_current,2794,7.124461229184384e-05,7.121678207425397e-05,7.120125444949397e-05
predrnnpp_image_only_delta,GRA29_C20_45deg_particle4,next_frame,bright_frac90,positive_current,130,-7.468720029481563e-07,-3.9263626287467554e-07,-7.459017276879111e-07
predrnnpp_image_only_delta,GRA29_C20_45deg_particle4,next_frame,bright_frac90,negative_current,2794,8.233505063815039e-06,8.25501572653228e-06,8.230248866244606e-06
predrnnpp_image_only_delta,GRA29_C20_25deg_particle1,rollout,mean,negative_current,512,3.65409893384446e-07,-5.383147593331112e-05,2.325048961131679e-20
predrnnpp_image_only_delta,GRA29_C20_25deg_particle1,rollout,p95,negative_current,512,7.310052861062411e-07,2.870868199728571e-05,-6.20013056301781e-20
predrnnpp_image_only_delta,GRA29_C20_25deg_particle1,rollout,bright_frac90,negative_current,512,8.139019526070584e-07,3.529914367618126e-06,-6.642997031804797e-21
predrnnpp_image_only_delta,GRA29_C20_25deg_particle2,rollout,mean,negative_current,512,2.354665671830219e-07,-4.627856390205741e-05,3.321498515902399e-20
predrnnpp_image_only_delta,GRA29_C20_25deg_particle2,rollout,p95,negative_current,512,-2.4730645900888798e-06,-6.948498983634532e-05,5.3143976254438374e-20
predrnnpp_image_only_delta,GRA29_C20_25deg_particle2,rollout,bright_frac90,negative_current,512,-3.70128145446711e-06,-2.427870164584009e-06,4.428664687869865e-21
predrnnpp_image_only_delta,GRA29_C20_25deg_particle3,rollout,mean,negative_current,512,-4.3222710213227454e-07,-4.299575834125095e-05,1.5500326407544526e-20
predrnnpp_image_only_delta,GRA29_C20_25deg_particle3,rollout,p95,negative_current,512,-4.6809114227357486e-06,-8.746234932893035e-05,1.771465875147946e-20
predrnnpp_image_only_delta,GRA29_C20_25deg_particle3,rollout,bright_frac90,negative_current,512,-5.566149357576111e-07,-4.664284648904286e-06,1.3285994063609593e-20
predrnnpp_image_only_delta,GRA29_C20_25deg_particle4,rollout,mean,negative_current,512,-3.2073128809047886e-06,-5.689555995512373e-05,4.650097922263358e-20
predrnnpp_image_only_delta,GRA29_C20_25deg_particle4,rollout,p95,negative_current,512,-1.3223871864359145e-05,-0.0001026812860152581,-7.085863500591784e-20
predrnnpp_image_only_delta,GRA29_C20_25deg_particle4,rollout,bright_frac90,negative_current,512,-6.284922566272294e-06,-2.5975929155505517e-06,-2.2143323439349326e-21
predrnnpp_image_only_delta,GRA29_C20_45deg_particle1,rollout,mean,negative_current,487,-4.724146973201428e-07,-6.005493248669482e-06,0.0
predrnnpp_image_only_delta,GRA29_C20_45deg_particle1,rollout,p95,negative_current,487,-9.373561589182794e-07,0.00021483690980473647,1.9090354101516748e-20
predrnnpp_image_only_delta,GRA29_C20_45deg_particle1,rollout,bright_frac90,negative_current,487,-1.0704233749227548e-06,1.597950889859572e-05,7.158882788068782e-21
predrnnpp_image_only_delta,GRA29_C20_45deg_particle2,rollout,mean,negative_current,487,-2.2971232605601453e-07,-3.857204101601035e-05,-1.2528044879120367e-20
predrnnpp_image_only_delta,GRA29_C20_45deg_particle2,rollout,p95,negative_current,487,-1.0304791328802411e-06,-5.252415128453033e-05,-6.681623935530863e-20
predrnnpp_image_only_delta,GRA29_C20_45deg_particle2,rollout,bright_frac90,negative_current,487,-1.6286107522346768e-06,-5.5772232593359e-08,-5.965735656723984e-21
predrnnpp_image_only_delta,GRA29_C20_45deg_particle3,rollout,mean,negative_current,487,-1.417449923544496e-06,-4.866745432513457e-05,-1.4317765576137564e-20
predrnnpp_image_only_delta,GRA29_C20_45deg_particle3,rollout,p95,negative_current,487,-2.818570080096275e-06,-8.944976042850032e-05,-9.545177050758374e-21
predrnnpp_image_only_delta,GRA29_C20_45deg_particle3,rollout,bright_frac90,negative_current,487,-1.3700851080559205e-06,-3.05648859917492e-06,0.0
predrnnpp_image_only_delta,GRA29_C20_45deg_particle4,rollout,mean,negative_current,487,-9.172341527055241e-07,-5.827944793669071e-05,2.3862942626895936e-20
predrnnpp_image_only_delta,GRA29_C20_45deg_particle4,rollout,p95,negative_current,487,-5.803967104964865e-06,-0.00010525738955779481,1.622680098628924e-19
predrnnpp_image_only_delta,GRA29_C20_45deg_particle4,rollout,bright_frac90,negative_current,487,-1.6752239710318365e-06,-1.3303077808343754e-06,-1.1931471313447968e-21
unet_image_only_delta,GRA29_C20_25deg_particle1,next_frame,mean,positive_current,511,-1.996702514507647e-05,-1.9814470418169025e-05,-1.9835324867848408e-05
unet_image_only_delta,GRA29_C20_25deg_particle1,next_frame,mean,negative_current,2438,4.375683031457783e-05,4.373106575536538e-05,4.373526945865347e-05
unet_image_only_delta,GRA29_C20_25deg_particle1,next_frame,p95,positive_current,511,-1.2962546148429928e-05,-1.2901640151294716e-05,-1.2920130688994267e-05
unet_image_only_delta,GRA29_C20_25deg_particle1,next_frame,p95,negative_current,2438,6.419664538425853e-05,6.418437325923059e-05,6.417358680156727e-05
unet_image_only_delta,GRA29_C20_25deg_particle1,next_frame,bright_frac90,positive_current,511,-2.044444984678814e-06,-2.035946166144547e-06,-2.0313614031843724e-06
unet_image_only_delta,GRA29_C20_25deg_particle1,next_frame,bright_frac90,negative_current,2438,1.4851539020030262e-05,1.4901899603531095e-05,1.485057496723625e-05
unet_image_only_delta,GRA29_C20_25deg_particle2,next_frame,mean,positive_current,511,-2.0026451056343203e-05,-1.9855060660629364e-05,-1.9867175950884726e-05
unet_image_only_delta,GRA29_C20_25deg_particle2,next_frame,mean,negative_current,2438,4.067485856519537e-05,4.066733283258391e-05,4.065865344097267e-05
unet_image_only_delta,GRA29_C20_25deg_particle2,next_frame,p95,positive_current,511,-1.1738809591846516e-05,-1.2012445468486778e-05,-1.179225893848736e-05
unet_image_only_delta,GRA29_C20_25deg_particle2,next_frame,p95,negative_current,2438,6.605292083484213e-05,6.608730277839839e-05,6.604180059351031e-05
unet_image_only_delta,GRA29_C20_25deg_particle2,next_frame,bright_frac90,positive_current,511,-3.3348023656179184e-06,-3.322306831007318e-06,-3.3186779368776486e-06
unet_image_only_delta,GRA29_C20_25deg_particle2,next_frame,bright_frac90,negative_current,2438,1.2801610168564676e-05,1.2848924335061057e-05,1.2800472338084111e-05
unet_image_only_delta,GRA29_C20_25deg_particle3,next_frame,mean,positive_current,511,-3.2864755382220996e-05,-3.264662640859321e-05,-3.268168609922487e-05
unet_image_only_delta,GRA29_C20_25deg_particle3,next_frame,mean,negative_current,2438,3.552622182790272e-05,3.551324662254942e-05,3.5509250746936345e-05
unet_image_only_delta,GRA29_C20_25deg_particle3,next_frame,p95,positive_current,511,-3.437143730079904e-05,-3.401743234198461e-05,-3.398275132352971e-05
unet_image_only_delta,GRA29_C20_25deg_particle3,next_frame,p95,negative_current,2438,7.96740355193255e-05,7.96650911104754e-05,7.963806696279341e-05
unet_image_only_delta,GRA29_C20_25deg_particle3,next_frame,bright_frac90,positive_current,511,-5.462551097727779e-06,-5.430023329559653e-06,-5.44525080843098e-06
unet_image_only_delta,GRA29_C20_25deg_particle3,next_frame,bright_frac90,negative_current,2438,1.0597112172129189e-05,1.0603308108648217e-05,1.0593767470255353e-05
unet_image_only_delta,GRA29_C20_25deg_particle4,next_frame,mean,positive_current,511,-8.004283920370054e-05,-7.954933453731756e-05,-7.954323266049126e-05
unet_image_only_delta,GRA29_C20_25deg_particle4,next_frame,mean,negative_current,2438,4.3763509764405723e-05,4.37621670933937e-05,4.374501713832838e-05
unet_image_only_delta,GRA29_C20_25deg_particle4,next_frame,p95,positive_current,511,-0.00012368450800351368,-0.0001226529955235766,-0.0001226730371275991
unet_image_only_delta,GRA29_C20_25deg_particle4,next_frame,p95,negative_current,2438,8.021005037779977e-05,8.023531544395245e-05,8.017504679739006e-05
unet_image_only_delta,GRA29_C20_25deg_particle4,next_frame,bright_frac90,positive_current,511,-1.3462353088974589e-05,-1.3386844125935944e-05,-1.3390941584308185e-05
unet_image_only_delta,GRA29_C20_25deg_particle4,next_frame,bright_frac90,negative_current,2438,1.267520842172804e-05,1.2693227417964597e-05,1.2671130657177407e-05
unet_image_only_delta,GRA29_C20_45deg_particle1,next_frame,mean,positive_current,130,-1.7984515289979894e-06,-1.5036656336097331e-06,-1.7995116806573049e-06
unet_image_only_delta,GRA29_C20_45deg_particle1,next_frame,mean,negative_current,2794,3.085781048692451e-05,3.0844844170830974e-05,3.083991999956615e-05
unet_image_only_delta,GRA29_C20_45deg_particle1,next_frame,p95,positive_current,130,-1.5962207440836842e-06,-1.1132914595639247e-06,-1.5770110951798393e-06
unet_image_only_delta,GRA29_C20_45deg_particle1,next_frame,p95,negative_current,2794,5.096887277937159e-05,5.0985768691017334e-05,5.0949612465667554e-05
unet_image_only_delta,GRA29_C20_45deg_particle1,next_frame,bright_frac90,positive_current,130,6.568993234663773e-08,1.7413246247439888e-07,8.499191460079019e-08
unet_image_only_delta,GRA29_C20_45deg_particle1,next_frame,bright_frac90,negative_current,2794,1.1511743175138112e-05,1.1543932510290063e-05,1.1510829331512005e-05
unet_image_only_delta,GRA29_C20_45deg_particle2,next_frame,mean,positive_current,130,-1.1739652852956379e-06,-6.058914013056239e-07,-1.1740172573721532e-06
unet_image_only_delta,GRA29_C20_45deg_particle2,next_frame,mean,negative_current,2794,2.6199167912066143e-05,2.6190943179686864e-05,2.6186093039382547e-05
unet_image_only_delta,GRA29_C20_45deg_particle2,next_frame,p95,positive_current,130,3.7760041123528185e-06,9.155267494960157e-06,3.895897601042791e-06
unet_image_only_delta,GRA29_C20_45deg_particle2,next_frame,p95,negative_current,2794,4.519211695718556e-05,4.5198983689586055e-05,4.5173260052337496e-05
unet_image_only_delta,GRA29_C20_45deg_particle2,next_frame,bright_frac90,positive_current,130,-5.023099683722474e-08,-1.0425495184605093e-07,-6.134119933919376e-08
unet_image_only_delta,GRA29_C20_45deg_particle2,next_frame,bright_frac90,negative_current,2794,1.041765600354639e-05,1.0436988716386859e-05,1.0416921935595369e-05
unet_image_only_delta,GRA29_C20_45deg_particle3,next_frame,mean,positive_current,130,-2.3755506530076087e-06,-1.8412750501583655e-06,-2.389822566839469e-06
unet_image_only_delta,GRA29_C20_45deg_particle3,next_frame,mean,negative_current,2794,3.282283795937386e-05,3.281253405968891e-05,3.280711064274803e-05
unet_image_only_delta,GRA29_C20_45deg_particle3,next_frame,p95,positive_current,130,1.6564618447392059e-06,1.016055725558974e-05,1.6092501421312558e-06
unet_image_only_delta,GRA29_C20_45deg_particle3,next_frame,p95,negative_current,2794,6.955119729271142e-05,6.957143803352386e-05,6.952166505557348e-05
unet_image_only_delta,GRA29_C20_45deg_particle3,next_frame,bright_frac90,positive_current,130,-9.42358073083201e-07,-1.437490656940614e-06,-9.311183800032299e-07
unet_image_only_delta,GRA29_C20_45deg_particle3,next_frame,bright_frac90,negative_current,2794,1.105844520051928e-05,1.1057390864643665e-05,1.1054935330370819e-05
unet_image_only_delta,GRA29_C20_45deg_particle4,next_frame,mean,positive_current,130,-1.1764593538342311e-05,-1.1359462312586138e-05,-1.1900953391613548e-05
unet_image_only_delta,GRA29_C20_45deg_particle4,next_frame,mean,negative_current,2794,3.162726271033146e-05,3.1620731873237875e-05,3.160682435870868e-05
unet_image_only_delta,GRA29_C20_45deg_particle4,next_frame,p95,positive_current,130,-2.7804316708432016e-05,-2.346367223193854e-05,-2.8402472302609942e-05
unet_image_only_delta,GRA29_C20_45deg_particle4,next_frame,p95,negative_current,2794,7.124461229184384e-05,7.126548496854077e-05,7.120125444949397e-05
unet_image_only_delta,GRA29_C20_45deg_particle4,next_frame,bright_frac90,positive_current,130,-7.468720029481563e-07,-6.055108512893507e-07,-7.459017276879111e-07
unet_image_only_delta,GRA29_C20_45deg_particle4,next_frame,bright_frac90,negative_current,2794,8.233505063815039e-06,8.24015085041464e-06,8.230248866244606e-06
unet_image_only_delta,GRA29_C20_25deg_particle1,rollout,mean,negative_current,512,3.65409893384446e-07,-2.022749887242739e-05,2.325048961131679e-20
unet_image_only_delta,GRA29_C20_25deg_particle1,rollout,p95,negative_current,512,7.310052861062411e-07,-3.169113512459274e-05,-6.20013056301781e-20
unet_image_only_delta,GRA29_C20_25deg_particle1,rollout,bright_frac90,negative_current,512,8.139019526070584e-07,-2.863782645613939e-06,-6.642997031804797e-21
unet_image_only_delta,GRA29_C20_25deg_particle2,rollout,mean,negative_current,512,2.354665671830219e-07,-1.727625196540358e-05,3.321498515902399e-20
unet_image_only_delta,GRA29_C20_25deg_particle2,rollout,p95,negative_current,512,-2.4730645900888798e-06,-3.1379811172470366e-05,5.3143976254438374e-20
unet_image_only_delta,GRA29_C20_25deg_particle2,rollout,bright_frac90,negative_current,512,-3.70128145446711e-06,-3.268549102148251e-06,4.428664687869865e-21
unet_image_only_delta,GRA29_C20_25deg_particle3,rollout,mean,negative_current,512,-4.3222710213227454e-07,-1.3050930374993149e-05,1.5500326407544526e-20
unet_image_only_delta,GRA29_C20_25deg_particle3,rollout,p95,negative_current,512,-4.6809114227357486e-06,-3.395976798020961e-05,1.771465875147946e-20
unet_image_only_delta,GRA29_C20_25deg_particle3,rollout,bright_frac90,negative_current,512,-5.566149357576111e-07,-5.897193337642374e-06,1.3285994063609593e-20
unet_image_only_delta,GRA29_C20_25deg_particle4,rollout,mean,negative_current,512,-3.2073128809047886e-06,-2.094461801786644e-05,4.650097922263358e-20
unet_image_only_delta,GRA29_C20_25deg_particle4,rollout,p95,negative_current,512,-1.3223871864359145e-05,-4.122656562333654e-05,-7.085863500591784e-20
unet_image_only_delta,GRA29_C20_25deg_particle4,rollout,bright_frac90,negative_current,512,-6.284922566272294e-06,-6.185257968139533e-06,-2.2143323439349326e-21
unet_image_only_delta,GRA29_C20_45deg_particle1,rollout,mean,negative_current,487,-4.724146973201428e-07,-3.393746714307995e-05,0.0
unet_image_only_delta,GRA29_C20_45deg_particle1,rollout,p95,negative_current,487,-9.373561589182794e-07,-3.465359473490722e-05,1.9090354101516748e-20
unet_image_only_delta,GRA29_C20_45deg_particle1,rollout,bright_frac90,negative_current,487,-1.0704233749227548e-06,-1.2049903772943431e-06,7.158882788068782e-21
unet_image_only_delta,GRA29_C20_45deg_particle2,rollout,mean,negative_current,487,-2.2971232605601453e-07,-1.0027281321762603e-05,-1.2528044879120367e-20
unet_image_only_delta,GRA29_C20_45deg_particle2,rollout,p95,negative_current,487,-1.0304791328802411e-06,-2.626581544959603e-05,-6.681623935530863e-20
unet_image_only_delta,GRA29_C20_45deg_particle2,rollout,bright_frac90,negative_current,487,-1.6286107522346768e-06,-1.7079314712568076e-06,-5.965735656723984e-21
unet_image_only_delta,GRA29_C20_45deg_particle3,rollout,mean,negative_current,487,-1.417449923544496e-06,-1.4942037104392211e-05,-1.4317765576137564e-20
unet_image_only_delta,GRA29_C20_45deg_particle3,rollout,p95,negative_current,487,-2.818570080096275e-06,-3.09866294405172e-05,-9.545177050758374e-21
unet_image_only_delta,GRA29_C20_45deg_particle3,rollout,bright_frac90,negative_current,487,-1.3700851080559205e-06,-4.514518632466347e-06,0.0
unet_image_only_delta,GRA29_C20_45deg_particle4,rollout,mean,negative_current,487,-9.172341527055241e-07,-2.0021069205078764e-05,2.3862942626895936e-20
unet_image_only_delta,GRA29_C20_45deg_particle4,rollout,p95,negative_current,487,-5.803967104964865e-06,-3.882515477208584e-05,1.622680098628924e-19
unet_image_only_delta,GRA29_C20_45deg_particle4,rollout,bright_frac90,negative_current,487,-1.6752239710318365e-06,-6.394493067645425e-06,-1.1931471313447968e-21
unet_image_only_delta_anchored,GRA29_C20_25deg_particle1,rollout_anchored,mean,positive_current,486,-1.8070114445265e-05,-9.121556536752278e-05,5.740334338750175e-20
unet_image_only_delta_anchored,GRA29_C20_25deg_particle1,rollout_anchored,p95,positive_current,486,-1.2620915232312673e-05,-2.768424105759438e-05,-3.826889559166783e-20
unet_image_only_delta_anchored,GRA29_C20_25deg_particle1,rollout_anchored,bright_frac90,positive_current,486,-4.706192601666228e-06,-4.229238246322478e-06,0.0
unet_image_only_delta_anchored,GRA29_C20_25deg_particle2,rollout_anchored,mean,positive_current,486,-1.758293315093653e-05,-6.159943812736056e-06,-2.29613373550007e-19
unet_image_only_delta_anchored,GRA29_C20_25deg_particle2,rollout_anchored,p95,positive_current,486,-1.3500120864826912e-05,2.050242751477139e-05,-1.377680241300042e-18
unet_image_only_delta_anchored,GRA29_C20_25deg_particle2,rollout_anchored,bright_frac90,positive_current,486,-2.568868065646847e-06,2.201596164481063e-06,3.5877089617188594e-21
unet_image_only_delta_anchored,GRA29_C20_25deg_particle3,rollout_anchored,mean,positive_current,486,-3.0452849765266958e-05,-2.1920326624377627e-05,-2.487478213458409e-19
unet_image_only_delta_anchored,GRA29_C20_25deg_particle3,rollout_anchored,p95,positive_current,486,-2.773331645496748e-05,-8.354455348701437e-07,0.0
unet_image_only_delta_anchored,GRA29_C20_25deg_particle3,rollout_anchored,bright_frac90,positive_current,486,-3.7791443909208674e-06,-3.056063228169487e-07,2.2722156757552774e-20
unet_image_only_delta_anchored,GRA29_C20_25deg_particle4,rollout_anchored,mean,positive_current,486,-7.24523362206212e-05,-3.2545811647932082e-06,-2.1047892575417306e-19
unet_image_only_delta_anchored,GRA29_C20_25deg_particle4,rollout_anchored,p95,positive_current,486,-0.00010553476694607278,2.8295447875717314e-05,6.505712250583531e-19
unet_image_only_delta_anchored,GRA29_C20_25deg_particle4,rollout_anchored,bright_frac90,positive_current,486,-8.701299229605914e-06,6.445038982692061e-06,8.371320910677337e-21
unet_image_only_delta_anchored,GRA29_C20_45deg_particle1,rollout_anchored,mean,positive_current,486,-8.904151685296403e-06,-0.00010840139052445442,1.3393696362946118e-19
unet_image_only_delta_anchored,GRA29_C20_45deg_particle1,rollout_anchored,p95,positive_current,486,-6.127641049137314e-06,-1.4693032293347356e-05,-2.296062233647906e-19
unet_image_only_delta_anchored,GRA29_C20_45deg_particle1,rollout_anchored,bright_frac90,positive_current,486,-1.8347620021130808e-06,-2.4042241657428175e-06,-1.1958657466916176e-21
unet_image_only_delta_anchored,GRA29_C20_45deg_particle2,rollout_anchored,mean,positive_current,486,-2.4725692836030048e-06,-1.0413100974041846e-06,1.148031116823953e-19
unet_image_only_delta_anchored,GRA29_C20_45deg_particle2,rollout_anchored,p95,positive_current,486,4.10746569008205e-07,7.708516532456015e-06,-2.296062233647906e-19
unet_image_only_delta_anchored,GRA29_C20_45deg_particle2,rollout_anchored,bright_frac90,positive_current,486,-2.454136007408475e-07,7.630161674664706e-06,2.03297176937575e-20
unet_image_only_delta_anchored,GRA29_C20_45deg_particle3,rollout_anchored,mean,positive_current,486,-4.664262405220015e-05,-3.631459635024236e-06,3.6354318699425175e-19
unet_image_only_delta_anchored,GRA29_C20_45deg_particle3,rollout_anchored,p95,positive_current,486,-4.185410632329694e-05,2.0523018878933596e-05,-3.8267703894131763e-20
unet_image_only_delta_anchored,GRA29_C20_45deg_particle3,rollout_anchored,bright_frac90,positive_current,486,-4.13156515622397e-06,1.7337204885623674e-06,2.3917314933832352e-21
unet_image_only_delta_anchored,GRA29_C20_45deg_particle4,rollout_anchored,mean,positive_current,486,-3.2397967901656835e-05,-2.5513778441689872e-06,-3.8267703894131763e-20
unet_image_only_delta_anchored,GRA29_C20_45deg_particle4,rollout_anchored,p95,positive_current,486,-5.4905767322851456e-09,2.888644114895972e-05,8.418894856708988e-19
unet_image_only_delta_anchored,GRA29_C20_45deg_particle4,rollout_anchored,bright_frac90,positive_current,486,-4.966099839430361e-07,5.408800895926713e-06,5.979328733458088e-21
unet_image_only_delta_rft,GRA29_C20_25deg_particle1,next_frame,mean,positive_current,511,-1.996702514507647e-05,-1.986671004336281e-05,-1.9835324867848408e-05
unet_image_only_delta_rft,GRA29_C20_25deg_particle1,next_frame,mean,negative_current,2438,4.375683031457783e-05,4.3743031677639696e-05,4.373526945865347e-05
unet_image_only_delta_rft,GRA29_C20_25deg_particle1,next_frame,p95,positive_current,511,-1.2962546148429928e-05,-1.2913288070842191e-05,-1.2920130688994267e-05
unet_image_only_delta_rft,GRA29_C20_25deg_particle1,next_frame,p95,negative_current,2438,6.419664538425853e-05,6.417583737050978e-05,6.417358680156727e-05
unet_image_only_delta_rft,GRA29_C20_25deg_particle1,next_frame,bright_frac90,positive_current,511,-2.044444984678814e-06,-2.031368090068754e-06,-2.0313614031843724e-06
unet_image_only_delta_rft,GRA29_C20_25deg_particle1,next_frame,bright_frac90,negative_current,2438,1.4851539020030262e-05,1.4864908317490743e-05,1.485057496723625e-05
unet_image_only_delta_rft,GRA29_C20_25deg_particle2,next_frame,mean,positive_current,511,-2.0026451056343203e-05,-1.9973593308387144e-05,-1.9867175950884726e-05
unet_image_only_delta_rft,GRA29_C20_25deg_particle2,next_frame,mean,negative_current,2438,4.067485856519537e-05,4.066211126043121e-05,4.065865344097267e-05
unet_image_only_delta_rft,GRA29_C20_25deg_particle2,next_frame,p95,positive_current,511,-1.1738809591846516e-05,-1.2001842972048587e-05,-1.179225893848736e-05
unet_image_only_delta_rft,GRA29_C20_25deg_particle2,next_frame,p95,negative_current,2438,6.605292083484213e-05,6.60769519893927e-05,6.604180059351031e-05
unet_image_only_delta_rft,GRA29_C20_25deg_particle2,next_frame,bright_frac90,positive_current,511,-3.3348023656179184e-06,-3.3157604833019465e-06,-3.3186779368776486e-06
unet_image_only_delta_rft,GRA29_C20_25deg_particle2,next_frame,bright_frac90,negative_current,2438,1.2801610168564676e-05,1.2805169469978973e-05,1.2800472338084111e-05
unet_image_only_delta_rft,GRA29_C20_25deg_particle3,next_frame,mean,positive_current,511,-3.2864755382220996e-05,-3.2772319136031475e-05,-3.268168609922487e-05
unet_image_only_delta_rft,GRA29_C20_25deg_particle3,next_frame,mean,negative_current,2438,3.552622182790272e-05,3.550744670916402e-05,3.5509250746936345e-05
unet_image_only_delta_rft,GRA29_C20_25deg_particle3,next_frame,p95,positive_current,511,-3.437143730079904e-05,-3.425934324258125e-05,-3.398275132352971e-05
unet_image_only_delta_rft,GRA29_C20_25deg_particle3,next_frame,p95,negative_current,2438,7.96740355193255e-05,7.962213887737979e-05,7.963806696279341e-05
unet_image_only_delta_rft,GRA29_C20_25deg_particle3,next_frame,bright_frac90,positive_current,511,-5.462551097727779e-06,-5.452217061165616e-06,-5.44525080843098e-06
unet_image_only_delta_rft,GRA29_C20_25deg_particle3,next_frame,bright_frac90,negative_current,2438,1.0597112172129189e-05,1.059410377616617e-05,1.0593767470255353e-05
unet_image_only_delta_rft,GRA29_C20_25deg_particle4,next_frame,mean,positive_current,511,-8.004283920370054e-05,-7.936670642011206e-05,-7.954323266049126e-05
unet_image_only_delta_rft,GRA29_C20_25deg_particle4,next_frame,mean,negative_current,2438,4.3763509764405723e-05,4.375692443061862e-05,4.374501713832838e-05
unet_image_only_delta_rft,GRA29_C20_25deg_particle4,next_frame,p95,positive_current,511,-0.00012368450800351368,-0.000122402931323973,-0.0001226730371275991
unet_image_only_delta_rft,GRA29_C20_25deg_particle4,next_frame,p95,negative_current,2438,8.021005037779977e-05,8.014770794223714e-05,8.017504679739006e-05
unet_image_only_delta_rft,GRA29_C20_25deg_particle4,next_frame,bright_frac90,positive_current,511,-1.3462353088974589e-05,-1.331169590733001e-05,-1.3390941584308185e-05
unet_image_only_delta_rft,GRA29_C20_25deg_particle4,next_frame,bright_frac90,negative_current,2438,1.267520842172804e-05,1.2724142872792651e-05,1.2671130657177407e-05
unet_image_only_delta_rft,GRA29_C20_45deg_particle1,next_frame,mean,positive_current,130,-1.7984515289979894e-06,-4.387051708683269e-07,-1.7995116806573049e-06
unet_image_only_delta_rft,GRA29_C20_45deg_particle1,next_frame,mean,negative_current,2794,3.085781048692451e-05,3.084728241607872e-05,3.083991999956615e-05
unet_image_only_delta_rft,GRA29_C20_45deg_particle1,next_frame,p95,positive_current,130,-1.5962207440836842e-06,-2.836361559371912e-06,-1.5770110951798393e-06
unet_image_only_delta_rft,GRA29_C20_45deg_particle1,next_frame,p95,negative_current,2794,5.096887277937159e-05,5.095864511227961e-05,5.0949612465667554e-05
unet_image_only_delta_rft,GRA29_C20_45deg_particle1,next_frame,bright_frac90,positive_current,130,6.568993234663773e-08,4.4008462621402803e-07,8.499191460079019e-08
unet_image_only_delta_rft,GRA29_C20_45deg_particle1,next_frame,bright_frac90,negative_current,2794,1.1511743175138112e-05,1.1519079108072233e-05,1.1510829331512005e-05
unet_image_only_delta_rft,GRA29_C20_45deg_particle2,next_frame,mean,positive_current,130,-1.1739652852956379e-06,2.4444827730380146e-06,-1.1740172573721532e-06
unet_image_only_delta_rft,GRA29_C20_45deg_particle2,next_frame,mean,negative_current,2794,2.6199167912066143e-05,2.618701128817171e-05,2.6186093039382547e-05
unet_image_only_delta_rft,GRA29_C20_45deg_particle2,next_frame,p95,positive_current,130,3.7760041123528185e-06,6.010969600582467e-06,3.895897601042791e-06
unet_image_only_delta_rft,GRA29_C20_45deg_particle2,next_frame,p95,negative_current,2794,4.519211695718556e-05,4.5177440872326396e-05,4.5173260052337496e-05
unet_image_only_delta_rft,GRA29_C20_45deg_particle2,next_frame,bright_frac90,positive_current,130,-5.023099683722474e-08,1.0985765086753977e-06,-6.134119933919376e-08
unet_image_only_delta_rft,GRA29_C20_45deg_particle2,next_frame,bright_frac90,negative_current,2794,1.041765600354639e-05,1.0409376165243948e-05,1.0416921935595369e-05
unet_image_only_delta_rft,GRA29_C20_45deg_particle3,next_frame,mean,positive_current,130,-2.3755506530076087e-06,2.3010083203869464e-06,-2.389822566839469e-06
unet_image_only_delta_rft,GRA29_C20_45deg_particle3,next_frame,mean,negative_current,2794,3.282283795937386e-05,3.280111563281074e-05,3.280711064274803e-05
unet_image_only_delta_rft,GRA29_C20_45deg_particle3,next_frame,p95,positive_current,130,1.6564618447392059e-06,-5.391780363635773e-07,1.6092501421312558e-06
unet_image_only_delta_rft,GRA29_C20_45deg_particle3,next_frame,p95,negative_current,2794,6.955119729271142e-05,6.951323029716442e-05,6.952166505557348e-05
unet_image_only_delta_rft,GRA29_C20_45deg_particle3,next_frame,bright_frac90,positive_current,130,-9.42358073083201e-07,9.76404947795669e-07,-9.311183800032299e-07
unet_image_only_delta_rft,GRA29_C20_45deg_particle3,next_frame,bright_frac90,negative_current,2794,1.105844520051928e-05,1.1056006432493761e-05,1.1054935330370819e-05
unet_image_only_delta_rft,GRA29_C20_45deg_particle4,next_frame,mean,positive_current,130,-1.1764593538342311e-05,-5.0037946723508025e-06,-1.1900953391613548e-05
unet_image_only_delta_rft,GRA29_C20_45deg_particle4,next_frame,mean,negative_current,2794,3.162726271033146e-05,3.161733141112908e-05,3.160682435870868e-05
unet_image_only_delta_rft,GRA29_C20_45deg_particle4,next_frame,p95,positive_current,130,-2.7804316708432016e-05,-1.568603384532514e-05,-2.8402472302609942e-05
unet_image_only_delta_rft,GRA29_C20_45deg_particle4,next_frame,p95,negative_current,2794,7.124461229184384e-05,7.116914835688965e-05,7.120125444949397e-05
unet_image_only_delta_rft,GRA29_C20_45deg_particle4,next_frame,bright_frac90,positive_current,130,-7.468720029481563e-07,1.0709073798692053e-06,-7.459017276879111e-07
unet_image_only_delta_rft,GRA29_C20_45deg_particle4,next_frame,bright_frac90,negative_current,2794,8.233505063815039e-06,8.25209422717969e-06,8.230248866244606e-06
unet_image_only_delta_rft,GRA29_C20_25deg_particle1,rollout,mean,negative_current,512,3.65409893384446e-07,-1.1070009146633279e-05,2.325048961131679e-20
unet_image_only_delta_rft,GRA29_C20_25deg_particle1,rollout,p95,negative_current,512,7.310052861062411e-07,-1.1584825432886365e-05,-6.20013056301781e-20
unet_image_only_delta_rft,GRA29_C20_25deg_particle1,rollout,bright_frac90,negative_current,512,8.139019526070584e-07,-4.152730059428504e-06,-6.642997031804797e-21
unet_image_only_delta_rft,GRA29_C20_25deg_particle2,rollout,mean,negative_current,512,2.354665671830219e-07,-1.2471454011842801e-05,3.321498515902399e-20
unet_image_only_delta_rft,GRA29_C20_25deg_particle2,rollout,p95,negative_current,512,-2.4730645900888798e-06,-1.6216322862383586e-05,5.3143976254438374e-20
unet_image_only_delta_rft,GRA29_C20_25deg_particle2,rollout,bright_frac90,negative_current,512,-3.70128145446711e-06,-5.561979614110029e-06,4.428664687869865e-21
unet_image_only_delta_rft,GRA29_C20_25deg_particle3,rollout,mean,negative_current,512,-4.3222710213227454e-07,-6.4324183437255555e-06,1.5500326407544526e-20
unet_image_only_delta_rft,GRA29_C20_25deg_particle3,rollout,p95,negative_current,512,-4.6809114227357486e-06,-6.9460368114151705e-06,1.771465875147946e-20
unet_image_only_delta_rft,GRA29_C20_25deg_particle3,rollout,bright_frac90,negative_current,512,-5.566149357576111e-07,-3.050565259908322e-06,1.3285994063609593e-20
unet_image_only_delta_rft,GRA29_C20_25deg_particle4,rollout,mean,negative_current,512,-3.2073128809047886e-06,-6.530127214044594e-06,4.650097922263358e-20
unet_image_only_delta_rft,GRA29_C20_25deg_particle4,rollout,p95,negative_current,512,-1.3223871864359145e-05,-8.037722633695475e-06,-7.085863500591784e-20
unet_image_only_delta_rft,GRA29_C20_25deg_particle4,rollout,bright_frac90,negative_current,512,-6.284922566272294e-06,-3.00098474768759e-06,-2.2143323439349326e-21
unet_image_only_delta_rft,GRA29_C20_45deg_particle1,rollout,mean,negative_current,487,-4.724146973201428e-07,-6.573922449235079e-06,0.0
unet_image_only_delta_rft,GRA29_C20_45deg_particle1,rollout,p95,negative_current,487,-9.373561589182794e-07,-2.3899453936443634e-06,1.9090354101516748e-20
unet_image_only_delta_rft,GRA29_C20_45deg_particle1,rollout,bright_frac90,negative_current,487,-1.0704233749227548e-06,-2.24351695170758e-06,7.158882788068782e-21
unet_image_only_delta_rft,GRA29_C20_45deg_particle2,rollout,mean,negative_current,487,-2.2971232605601453e-07,-1.1428101389195655e-05,-1.2528044879120367e-20
unet_image_only_delta_rft,GRA29_C20_45deg_particle2,rollout,p95,negative_current,487,-1.0304791328802411e-06,-1.8217487346900355e-05,-6.681623935530863e-20
unet_image_only_delta_rft,GRA29_C20_45deg_particle2,rollout,bright_frac90,negative_current,487,-1.6286107522346768e-06,-3.552389967602682e-06,-5.965735656723984e-21
unet_image_only_delta_rft,GRA29_C20_45deg_particle3,rollout,mean,negative_current,487,-1.417449923544496e-06,-7.4409100920997245e-06,-1.4317765576137564e-20
unet_image_only_delta_rft,GRA29_C20_45deg_particle3,rollout,p95,negative_current,487,-2.818570080096275e-06,-7.540760569332073e-06,-9.545177050758374e-21
unet_image_only_delta_rft,GRA29_C20_45deg_particle3,rollout,bright_frac90,negative_current,487,-1.3700851080559205e-06,-3.231830953564516e-06,0.0
unet_image_only_delta_rft,GRA29_C20_45deg_particle4,rollout,mean,negative_current,487,-9.172341527055241e-07,-4.383940728996488e-06,2.3862942626895936e-20
unet_image_only_delta_rft,GRA29_C20_45deg_particle4,rollout,p95,negative_current,487,-5.803967104964865e-06,-7.576762945306742e-06,1.622680098628924e-19
unet_image_only_delta_rft,GRA29_C20_45deg_particle4,rollout,bright_frac90,negative_current,487,-1.6752239710318365e-06,-2.5190216519316255e-06,-1.1931471313447968e-21
unet_image_only_delta_rft_anchored,GRA29_C20_25deg_particle1,rollout_anchored,mean,positive_current,486,-1.8070114445265e-05,3.946329886114981e-06,5.740334338750175e-20
unet_image_only_delta_rft_anchored,GRA29_C20_25deg_particle1,rollout_anchored,p95,positive_current,486,-1.2620915232312673e-05,1.3618454780709374e-05,-3.826889559166783e-20
unet_image_only_delta_rft_anchored,GRA29_C20_25deg_particle1,rollout_anchored,bright_frac90,positive_current,486,-4.706192601666228e-06,7.543480687373787e-06,0.0
unet_image_only_delta_rft_anchored,GRA29_C20_25deg_particle2,rollout_anchored,mean,positive_current,486,-1.758293315093653e-05,2.5029738704367796e-06,-2.29613373550007e-19
unet_image_only_delta_rft_anchored,GRA29_C20_25deg_particle2,rollout_anchored,p95,positive_current,486,-1.3500120864826912e-05,2.281415983125087e-06,-1.377680241300042e-18
unet_image_only_delta_rft_anchored,GRA29_C20_25deg_particle2,rollout_anchored,bright_frac90,positive_current,486,-2.568868065646847e-06,2.6649675476025814e-06,3.5877089617188594e-21
unet_image_only_delta_rft_anchored,GRA29_C20_25deg_particle3,rollout_anchored,mean,positive_current,486,-3.0452849765266958e-05,3.3879459445559746e-06,-2.487478213458409e-19
unet_image_only_delta_rft_anchored,GRA29_C20_25deg_particle3,rollout_anchored,p95,positive_current,486,-2.773331645496748e-05,2.9807435738632294e-07,0.0
unet_image_only_delta_rft_anchored,GRA29_C20_25deg_particle3,rollout_anchored,bright_frac90,positive_current,486,-3.7791443909208674e-06,3.325140440567706e-07,2.2722156757552774e-20
unet_image_only_delta_rft_anchored,GRA29_C20_25deg_particle4,rollout_anchored,mean,positive_current,486,-7.24523362206212e-05,3.504016606857735e-07,-2.1047892575417306e-19
unet_image_only_delta_rft_anchored,GRA29_C20_25deg_particle4,rollout_anchored,p95,positive_current,486,-0.00010553476694607278,3.916355821328128e-06,6.505712250583531e-19
unet_image_only_delta_rft_anchored,GRA29_C20_25deg_particle4,rollout_anchored,bright_frac90,positive_current,486,-8.701299229605914e-06,5.614047850834938e-07,8.371320910677337e-21
unet_image_only_delta_rft_anchored,GRA29_C20_45deg_particle1,rollout_anchored,mean,positive_current,486,-8.904151685296403e-06,1.0383775491212369e-05,1.3393696362946118e-19
unet_image_only_delta_rft_anchored,GRA29_C20_45deg_particle1,rollout_anchored,p95,positive_current,486,-6.127641049137314e-06,1.238679655362485e-05,-2.296062233647906e-19
unet_image_only_delta_rft_anchored,GRA29_C20_45deg_particle1,rollout_anchored,bright_frac90,positive_current,486,-1.8347620021130808e-06,7.472116363900184e-06,-1.1958657466916176e-21
unet_image_only_delta_rft_anchored,GRA29_C20_45deg_particle2,rollout_anchored,mean,positive_current,486,-2.4725692836030048e-06,-1.043866918798205e-06,1.148031116823953e-19
unet_image_only_delta_rft_anchored,GRA29_C20_45deg_particle2,rollout_anchored,p95,positive_current,486,4.10746569008205e-07,1.8990851776934172e-06,-2.296062233647906e-19
unet_image_only_delta_rft_anchored,GRA29_C20_45deg_particle2,rollout_anchored,bright_frac90,positive_current,486,-2.454136007408475e-07,1.4265074197654206e-06,2.03297176937575e-20
unet_image_only_delta_rft_anchored,GRA29_C20_45deg_particle3,rollout_anchored,mean,positive_current,486,-4.664262405220015e-05,1.1670223304527744e-06,3.6354318699425175e-19
unet_image_only_delta_rft_anchored,GRA29_C20_45deg_particle3,rollout_anchored,p95,positive_current,486,-4.185410632329694e-05,3.3202274649153183e-06,-3.8267703894131763e-20
unet_image_only_delta_rft_anchored,GRA29_C20_45deg_particle3,rollout_anchored,bright_frac90,positive_current,486,-4.13156515622397e-06,6.297589837756175e-07,2.3917314933832352e-21
unet_image_only_delta_rft_anchored,GRA29_C20_45deg_particle4,rollout_anchored,mean,positive_current,486,-3.2397967901656835e-05,-3.018222764542826e-08,-3.8267703894131763e-20
unet_image_only_delta_rft_anchored,GRA29_C20_45deg_particle4,rollout_anchored,p95,positive_current,486,-5.4905767322851456e-09,5.566714090475606e-06,8.418894856708988e-19
unet_image_only_delta_rft_anchored,GRA29_C20_45deg_particle4,rollout_anchored,bright_frac90,positive_current,486,-4.966099839430361e-07,6.050961180246632e-07,5.979328733458088e-21
unet_img_delta_lopo,GRA29_C20_25deg_particle1,next_frame,mean,positive_current,511,-1.996702514507647e-05,-1.979110056163066e-05,-1.9835324867848408e-05
unet_img_delta_lopo,GRA29_C20_25deg_particle1,next_frame,mean,negative_current,2438,4.375683031457783e-05,4.377112429265939e-05,4.373526945865347e-05
unet_img_delta_lopo,GRA29_C20_25deg_particle1,next_frame,p95,positive_current,511,-1.2962546148429928e-05,-1.291450862202918e-05,-1.2920130688994267e-05
unet_img_delta_lopo,GRA29_C20_25deg_particle1,next_frame,p95,negative_current,2438,6.419664538425853e-05,6.420633663137517e-05,6.417358680156727e-05
unet_img_delta_lopo,GRA29_C20_25deg_particle1,next_frame,bright_frac90,positive_current,511,-2.044444984678814e-06,-2.0279765820494225e-06,-2.0313614031843724e-06
unet_img_delta_lopo,GRA29_C20_25deg_particle1,next_frame,bright_frac90,negative_current,2438,1.4851539020030262e-05,1.4893498781428953e-05,1.485057496723625e-05
unet_img_delta_lopo,GRA29_C20_25deg_particle2,next_frame,mean,positive_current,511,-2.0026451056343203e-05,-1.989290373105346e-05,-1.9867175950884726e-05
unet_img_delta_lopo,GRA29_C20_25deg_particle2,next_frame,mean,negative_current,2438,4.067485856519537e-05,4.067988273673805e-05,4.065865344097267e-05
unet_img_delta_lopo,GRA29_C20_25deg_particle2,next_frame,p95,positive_current,511,-1.1738809591846516e-05,-1.2230415608663986e-05,-1.179225893848736e-05
unet_img_delta_lopo,GRA29_C20_25deg_particle2,next_frame,p95,negative_current,2438,6.605292083484213e-05,6.607692365355926e-05,6.604180059351031e-05
unet_img_delta_lopo,GRA29_C20_25deg_particle2,next_frame,bright_frac90,positive_current,511,-3.3348023656179184e-06,-3.3054539944673527e-06,-3.3186779368776486e-06
unet_img_delta_lopo,GRA29_C20_25deg_particle2,next_frame,bright_frac90,negative_current,2438,1.2801610168564676e-05,1.2814983910644419e-05,1.2800472338084111e-05
unet_img_delta_lopo,GRA29_C20_25deg_particle3,next_frame,mean,positive_current,511,-3.2864755382220996e-05,-3.2664224367144897e-05,-3.268168609922487e-05
unet_img_delta_lopo,GRA29_C20_25deg_particle3,next_frame,mean,negative_current,2438,3.552622182790272e-05,3.5533085127866e-05,3.5509250746936345e-05
unet_img_delta_lopo,GRA29_C20_25deg_particle3,next_frame,p95,positive_current,511,-3.437143730079904e-05,-3.398970398445482e-05,-3.398275132352971e-05
unet_img_delta_lopo,GRA29_C20_25deg_particle3,next_frame,p95,negative_current,2438,7.96740355193255e-05,7.96615411169114e-05,7.963806696279341e-05
unet_img_delta_lopo,GRA29_C20_25deg_particle3,next_frame,bright_frac90,positive_current,511,-5.462551097727779e-06,-5.429631879957674e-06,-5.44525080843098e-06
unet_img_delta_lopo,GRA29_C20_25deg_particle3,next_frame,bright_frac90,negative_current,2438,1.0597112172129189e-05,1.0596421063122342e-05,1.0593767470255353e-05
unet_img_delta_lopo,GRA29_C20_25deg_particle4,next_frame,mean,positive_current,511,-8.004283920370054e-05,-7.961189962626558e-05,-7.954323266049126e-05
unet_img_delta_lopo,GRA29_C20_25deg_particle4,next_frame,mean,negative_current,2438,4.3763509764405723e-05,4.377575938698178e-05,4.374501713832838e-05
unet_img_delta_lopo,GRA29_C20_25deg_particle4,next_frame,p95,positive_current,511,-0.00012368450800351368,-0.0001227910907684556,-0.0001226730371275991
unet_img_delta_lopo,GRA29_C20_25deg_particle4,next_frame,p95,negative_current,2438,8.021005037779977e-05,8.020357522655147e-05,8.017504679739006e-05
unet_img_delta_lopo,GRA29_C20_25deg_particle4,next_frame,bright_frac90,positive_current,511,-1.3462353088974589e-05,-1.3375408144884695e-05,-1.3390941584308185e-05
unet_img_delta_lopo,GRA29_C20_25deg_particle4,next_frame,bright_frac90,negative_current,2438,1.267520842172804e-05,1.2678050093365706e-05,1.2671130657177407e-05
unet_img_delta_lopo,GRA29_C20_45deg_particle1,next_frame,mean,positive_current,130,-1.7984515289979894e-06,-3.0974390481920914e-06,-1.7995116806573049e-06
unet_img_delta_lopo,GRA29_C20_45deg_particle1,next_frame,mean,negative_current,2794,3.085781048692451e-05,3.087413510860658e-05,3.083991999956615e-05
unet_img_delta_lopo,GRA29_C20_45deg_particle1,next_frame,p95,positive_current,130,-1.5962207440836842e-06,-3.0191742301187597e-06,-1.5770110951798393e-06
unet_img_delta_lopo,GRA29_C20_45deg_particle1,next_frame,p95,negative_current,2794,5.096887277937159e-05,5.0995835904614524e-05,5.0949612465667554e-05
unet_img_delta_lopo,GRA29_C20_45deg_particle1,next_frame,bright_frac90,positive_current,130,6.568993234663773e-08,-1.5206929912025616e-07,8.499191460079019e-08
unet_img_delta_lopo,GRA29_C20_45deg_particle1,next_frame,bright_frac90,negative_current,2794,1.1511743175138112e-05,1.153362144907842e-05,1.1510829331512005e-05
unet_img_delta_lopo,GRA29_C20_45deg_particle2,next_frame,mean,positive_current,130,-1.1739652852956379e-06,-2.1435022867866246e-06,-1.1740172573721532e-06
unet_img_delta_lopo,GRA29_C20_45deg_particle2,next_frame,mean,negative_current,2794,2.6199167912066143e-05,2.621080628678591e-05,2.6186093039382547e-05
unet_img_delta_lopo,GRA29_C20_45deg_particle2,next_frame,p95,positive_current,130,3.7760041123528185e-06,2.511001123513815e-06,3.895897601042791e-06
unet_img_delta_lopo,GRA29_C20_45deg_particle2,next_frame,p95,negative_current,2794,4.519211695718556e-05,4.520619326559139e-05,4.5173260052337496e-05
unet_img_delta_lopo,GRA29_C20_45deg_particle2,next_frame,bright_frac90,positive_current,130,-5.023099683722474e-08,1.509386955875016e-08,-6.134119933919376e-08
unet_img_delta_lopo,GRA29_C20_45deg_particle2,next_frame,bright_frac90,negative_current,2794,1.041765600354639e-05,1.0409598182919422e-05,1.0416921935595369e-05
unet_img_delta_lopo,GRA29_C20_45deg_particle3,next_frame,mean,positive_current,130,-2.3755506530076087e-06,-4.821882643866958e-06,-2.389822566839469e-06
unet_img_delta_lopo,GRA29_C20_45deg_particle3,next_frame,mean,negative_current,2794,3.282283795937386e-05,3.282630337178538e-05,3.280711064274803e-05
unet_img_delta_lopo,GRA29_C20_45deg_particle3,next_frame,p95,positive_current,130,1.6564618447392059e-06,-1.5997076705484623e-06,1.6092501421312558e-06
unet_img_delta_lopo,GRA29_C20_45deg_particle3,next_frame,p95,negative_current,2794,6.955119729271142e-05,6.955465490258422e-05,6.952166505557348e-05
unet_img_delta_lopo,GRA29_C20_45deg_particle3,next_frame,bright_frac90,positive_current,130,-9.42358073083201e-07,-1.766242912496081e-06,-9.311183800032299e-07
unet_img_delta_lopo,GRA29_C20_45deg_particle3,next_frame,bright_frac90,negative_current,2794,1.105844520051928e-05,1.1056951013236937e-05,1.1054935330370819e-05
unet_img_delta_lopo,GRA29_C20_45deg_particle4,next_frame,mean,positive_current,130,-1.1764593538342311e-05,-1.43984606906004e-05,-1.1900953391613548e-05
unet_img_delta_lopo,GRA29_C20_45deg_particle4,next_frame,mean,negative_current,2794,3.162726271033146e-05,3.1628048729749513e-05,3.160682435870868e-05
unet_img_delta_lopo,GRA29_C20_45deg_particle4,next_frame,p95,positive_current,130,-2.7804316708432016e-05,-3.3467978459995335e-05,-2.8402472302609942e-05
unet_img_delta_lopo,GRA29_C20_45deg_particle4,next_frame,p95,negative_current,2794,7.124461229184384e-05,7.12311433641342e-05,7.120125444949397e-05
unet_img_delta_lopo,GRA29_C20_45deg_particle4,next_frame,bright_frac90,positive_current,130,-7.468720029481563e-07,-8.672777681927384e-07,-7.459017276879111e-07
unet_img_delta_lopo,GRA29_C20_45deg_particle4,next_frame,bright_frac90,negative_current,2794,8.233505063815039e-06,8.228551052469975e-06,8.230248866244606e-06
unet_img_delta_lopo,GRA29_C20_25deg_particle1,rollout,mean,negative_current,512,3.65409893384446e-07,-3.102774264948689e-05,2.325048961131679e-20
unet_img_delta_lopo,GRA29_C20_25deg_particle1,rollout,p95,negative_current,512,7.310052861062411e-07,-3.749009569861255e-05,-6.20013056301781e-20
unet_img_delta_lopo,GRA29_C20_25deg_particle1,rollout,bright_frac90,negative_current,512,8.139019526070584e-07,-2.68115099938558e-06,-6.642997031804797e-21
unet_img_delta_lopo,GRA29_C20_25deg_particle2,rollout,mean,negative_current,512,2.354665671830219e-07,5.849227227632927e-06,3.321498515902399e-20
unet_img_delta_lopo,GRA29_C20_25deg_particle2,rollout,p95,negative_current,512,-2.4730645900888798e-06,4.257826454161154e-06,5.3143976254438374e-20
unet_img_delta_lopo,GRA29_C20_25deg_particle2,rollout,bright_frac90,negative_current,512,-3.70128145446711e-06,6.874654181527142e-06,4.428664687869865e-21
unet_img_delta_lopo,GRA29_C20_25deg_particle3,rollout,mean,negative_current,512,-4.3222710213227454e-07,3.3596208766747087e-06,1.5500326407544526e-20
unet_img_delta_lopo,GRA29_C20_25deg_particle3,rollout,p95,negative_current,512,-4.6809114227357486e-06,4.245484523248353e-07,1.771465875147946e-20
unet_img_delta_lopo,GRA29_C20_25deg_particle3,rollout,bright_frac90,negative_current,512,-5.566149357576111e-07,-2.4341951052161963e-07,1.3285994063609593e-20
unet_img_delta_lopo,GRA29_C20_25deg_particle4,rollout,mean,negative_current,512,-3.2073128809047886e-06,8.579484084294069e-06,4.650097922263358e-20
unet_img_delta_lopo,GRA29_C20_25deg_particle4,rollout,p95,negative_current,512,-1.3223871864359145e-05,6.899519417977903e-06,-7.085863500591784e-20
unet_img_delta_lopo,GRA29_C20_25deg_particle4,rollout,bright_frac90,negative_current,512,-6.284922566272294e-06,3.861182560349391e-06,-2.2143323439349326e-21
unet_img_delta_lopo,GRA29_C20_45deg_particle1,rollout,mean,negative_current,487,-4.724146973201428e-07,-1.626287225753678e-05,0.0
unet_img_delta_lopo,GRA29_C20_45deg_particle1,rollout,p95,negative_current,487,-9.373561589182794e-07,-1.611677798999523e-05,1.9090354101516748e-20
unet_img_delta_lopo,GRA29_C20_45deg_particle1,rollout,bright_frac90,negative_current,487,-1.0704233749227548e-06,-3.354225209008979e-06,7.158882788068782e-21
unet_img_delta_lopo,GRA29_C20_45deg_particle2,rollout,mean,negative_current,487,-2.2971232605601453e-07,4.776663284039947e-06,-1.2528044879120367e-20
unet_img_delta_lopo,GRA29_C20_45deg_particle2,rollout,p95,negative_current,487,-1.0304791328802411e-06,7.746148768053005e-06,-6.681623935530863e-20
unet_img_delta_lopo,GRA29_C20_45deg_particle2,rollout,bright_frac90,negative_current,487,-1.6286107522346768e-06,1.1704881908964974e-05,-5.965735656723984e-21
unet_img_delta_lopo,GRA29_C20_45deg_particle3,rollout,mean,negative_current,487,-1.417449923544496e-06,7.29599376113711e-06,-1.4317765576137564e-20
unet_img_delta_lopo,GRA29_C20_45deg_particle3,rollout,p95,negative_current,487,-2.818570080096275e-06,5.2510261610772305e-06,-9.545177050758374e-21
unet_img_delta_lopo,GRA29_C20_45deg_particle3,rollout,bright_frac90,negative_current,487,-1.3700851080559205e-06,1.95354459083621e-06,0.0
unet_img_delta_lopo,GRA29_C20_45deg_particle4,rollout,mean,negative_current,487,-9.172341527055241e-07,8.623291920155236e-06,2.3862942626895936e-20
unet_img_delta_lopo,GRA29_C20_45deg_particle4,rollout,p95,negative_current,487,-5.803967104964865e-06,3.7498569504915936e-06,1.622680098628924e-19
unet_img_delta_lopo,GRA29_C20_45deg_particle4,rollout,bright_frac90,negative_current,487,-1.6752239710318365e-06,2.8889909041492843e-06,-1.1931471313447968e-21
unet_img_delta_s2026,GRA29_C20_25deg_particle1,next_frame,mean,positive_current,511,-1.996702514507647e-05,-1.969633154276621e-05,-1.9835324867848408e-05
unet_img_delta_s2026,GRA29_C20_25deg_particle1,next_frame,mean,negative_current,2438,4.375683031457783e-05,4.374043647111015e-05,4.373526945865347e-05
unet_img_delta_s2026,GRA29_C20_25deg_particle1,next_frame,p95,positive_current,511,-1.2962546148429928e-05,-1.2847629490593599e-05,-1.2920130688994267e-05
unet_img_delta_s2026,GRA29_C20_25deg_particle1,next_frame,p95,negative_current,2438,6.419664538425853e-05,6.417130223673296e-05,6.417358680156727e-05
unet_img_delta_s2026,GRA29_C20_25deg_particle1,next_frame,bright_frac90,positive_current,511,-2.044444984678814e-06,-2.0310586383855855e-06,-2.0313614031843724e-06
unet_img_delta_s2026,GRA29_C20_25deg_particle1,next_frame,bright_frac90,negative_current,2438,1.4851539020030262e-05,1.4880213171406894e-05,1.485057496723625e-05
unet_img_delta_s2026,GRA29_C20_25deg_particle2,next_frame,mean,positive_current,511,-2.0026451056343203e-05,-1.9767353430469694e-05,-1.9867175950884726e-05
unet_img_delta_s2026,GRA29_C20_25deg_particle2,next_frame,mean,negative_current,2438,4.067485856519537e-05,4.066171227960821e-05,4.065865344097267e-05
unet_img_delta_s2026,GRA29_C20_25deg_particle2,next_frame,p95,positive_current,511,-1.1738809591846516e-05,-1.2176090945914902e-05,-1.179225893848736e-05
unet_img_delta_s2026,GRA29_C20_25deg_particle2,next_frame,p95,negative_current,2438,6.605292083484213e-05,6.603517443330551e-05,6.604180059351031e-05
unet_img_delta_s2026,GRA29_C20_25deg_particle2,next_frame,bright_frac90,positive_current,511,-3.3348023656179184e-06,-3.3110106119516205e-06,-3.3186779368776486e-06
unet_img_delta_s2026,GRA29_C20_25deg_particle2,next_frame,bright_frac90,negative_current,2438,1.2801610168564676e-05,1.281824862693656e-05,1.2800472338084111e-05
unet_img_delta_s2026,GRA29_C20_25deg_particle3,next_frame,mean,positive_current,511,-3.2864755382220996e-05,-3.251327230925235e-05,-3.268168609922487e-05
unet_img_delta_s2026,GRA29_C20_25deg_particle3,next_frame,mean,negative_current,2438,3.552622182790272e-05,3.55132789069475e-05,3.5509250746936345e-05
unet_img_delta_s2026,GRA29_C20_25deg_particle3,next_frame,p95,positive_current,511,-3.437143730079904e-05,-3.3695199857227524e-05,-3.398275132352971e-05
unet_img_delta_s2026,GRA29_C20_25deg_particle3,next_frame,p95,negative_current,2438,7.96740355193255e-05,7.962918147767751e-05,7.963806696279341e-05
unet_img_delta_s2026,GRA29_C20_25deg_particle3,next_frame,bright_frac90,positive_current,511,-5.462551097727779e-06,-5.409522801355458e-06,-5.44525080843098e-06
unet_img_delta_s2026,GRA29_C20_25deg_particle3,next_frame,bright_frac90,negative_current,2438,1.0597112172129189e-05,1.0592905470869183e-05,1.0593767470255353e-05
unet_img_delta_s2026,GRA29_C20_25deg_particle4,next_frame,mean,positive_current,511,-8.004283920370054e-05,-7.925786602393565e-05,-7.954323266049126e-05
unet_img_delta_s2026,GRA29_C20_25deg_particle4,next_frame,mean,negative_current,2438,4.3763509764405723e-05,4.375382067293538e-05,4.374501713832838e-05
unet_img_delta_s2026,GRA29_C20_25deg_particle4,next_frame,p95,positive_current,511,-0.00012368450800351368,-0.00012166847772067521,-0.0001226730371275991
unet_img_delta_s2026,GRA29_C20_25deg_particle4,next_frame,p95,negative_current,2438,8.021005037779977e-05,8.019420087774269e-05,8.017504679739006e-05
unet_img_delta_s2026,GRA29_C20_25deg_particle4,next_frame,bright_frac90,positive_current,511,-1.3462353088974589e-05,-1.3383081878392677e-05,-1.3390941584308185e-05
unet_img_delta_s2026,GRA29_C20_25deg_particle4,next_frame,bright_frac90,negative_current,2438,1.267520842172804e-05,1.2688880980975041e-05,1.2671130657177407e-05
unet_img_delta_s2026,GRA29_C20_45deg_particle1,next_frame,mean,positive_current,130,-1.7984515289979894e-06,-2.0792619105484295e-06,-1.7995116806573049e-06
unet_img_delta_s2026,GRA29_C20_45deg_particle1,next_frame,mean,negative_current,2794,3.085781048692451e-05,3.084357435518313e-05,3.083991999956615e-05
unet_img_delta_s2026,GRA29_C20_45deg_particle1,next_frame,p95,positive_current,130,-1.5962207440836842e-06,-2.7796591309750675e-06,-1.5770110951798393e-06
unet_img_delta_s2026,GRA29_C20_45deg_particle1,next_frame,p95,negative_current,2794,5.096887277937159e-05,5.095592419536254e-05,5.0949612465667554e-05
unet_img_delta_s2026,GRA29_C20_45deg_particle1,next_frame,bright_frac90,positive_current,130,6.568993234663773e-08,8.308931579260374e-08,8.499191460079019e-08
unet_img_delta_s2026,GRA29_C20_45deg_particle1,next_frame,bright_frac90,negative_current,2794,1.1511743175138112e-05,1.153011541130025e-05,1.1510829331512005e-05
unet_img_delta_s2026,GRA29_C20_45deg_particle2,next_frame,mean,positive_current,130,-1.1739652852956379e-06,-2.0373864675259847e-07,-1.1740172573721532e-06
unet_img_delta_s2026,GRA29_C20_45deg_particle2,next_frame,mean,negative_current,2794,2.6199167912066143e-05,2.620580991749142e-05,2.6186093039382547e-05
unet_img_delta_s2026,GRA29_C20_45deg_particle2,next_frame,p95,positive_current,130,3.7760041123528185e-06,6.045515658361321e-06,3.895897601042791e-06
unet_img_delta_s2026,GRA29_C20_45deg_particle2,next_frame,p95,negative_current,2794,4.519211695718556e-05,4.5184737057282916e-05,4.5173260052337496e-05
unet_img_delta_s2026,GRA29_C20_45deg_particle2,next_frame,bright_frac90,positive_current,130,-5.023099683722474e-08,8.038869597164278e-08,-6.134119933919376e-08
unet_img_delta_s2026,GRA29_C20_45deg_particle2,next_frame,bright_frac90,negative_current,2794,1.041765600354639e-05,1.042566082766331e-05,1.0416921935595369e-05
unet_img_delta_s2026,GRA29_C20_45deg_particle3,next_frame,mean,positive_current,130,-2.3755506530076087e-06,-8.184414578749929e-07,-2.389822566839469e-06
unet_img_delta_s2026,GRA29_C20_45deg_particle3,next_frame,mean,negative_current,2794,3.282283795937386e-05,3.2827433795174345e-05,3.280711064274803e-05
unet_img_delta_s2026,GRA29_C20_45deg_particle3,next_frame,p95,positive_current,130,1.6564618447392059e-06,6.177965511532696e-06,1.6092501421312558e-06
unet_img_delta_s2026,GRA29_C20_45deg_particle3,next_frame,p95,negative_current,2794,6.955119729271142e-05,6.955383951374893e-05,6.952166505557348e-05
unet_img_delta_s2026,GRA29_C20_45deg_particle3,next_frame,bright_frac90,positive_current,130,-9.42358073083201e-07,-6.872796583363048e-07,-9.311183800032299e-07
unet_img_delta_s2026,GRA29_C20_45deg_particle3,next_frame,bright_frac90,negative_current,2794,1.105844520051928e-05,1.1054770792854043e-05,1.1054935330370819e-05
unet_img_delta_s2026,GRA29_C20_45deg_particle4,next_frame,mean,positive_current,130,-1.1764593538342311e-05,-1.088533711279439e-05,-1.1900953391613548e-05
unet_img_delta_s2026,GRA29_C20_45deg_particle4,next_frame,mean,negative_current,2794,3.162726271033146e-05,3.162451806839215e-05,3.160682435870868e-05
unet_img_delta_s2026,GRA29_C20_45deg_particle4,next_frame,p95,positive_current,130,-2.7804316708432016e-05,-2.5570316480600733e-05,-2.8402472302609942e-05
unet_img_delta_s2026,GRA29_C20_45deg_particle4,next_frame,p95,negative_current,2794,7.124461229184384e-05,7.122526402855437e-05,7.120125444949397e-05
unet_img_delta_s2026,GRA29_C20_45deg_particle4,next_frame,bright_frac90,positive_current,130,-7.468720029481563e-07,-3.6156025286277344e-07,-7.459017276879111e-07
unet_img_delta_s2026,GRA29_C20_45deg_particle4,next_frame,bright_frac90,negative_current,2794,8.233505063815039e-06,8.242537115738667e-06,8.230248866244606e-06
unet_img_delta_s2026,GRA29_C20_25deg_particle1,rollout,mean,negative_current,512,3.65409893384446e-07,-0.0031143330515365627,2.325048961131679e-20
unet_img_delta_s2026,GRA29_C20_25deg_particle1,rollout,p95,negative_current,512,7.310052861062411e-07,-0.0003997548648521195,-6.20013056301781e-20
unet_img_delta_s2026,GRA29_C20_25deg_particle1,rollout,bright_frac90,negative_current,512,8.139019526070584e-07,-3.4874496291797846e-06,-6.642997031804797e-21
unet_img_delta_s2026,GRA29_C20_25deg_particle2,rollout,mean,negative_current,512,2.354665671830219e-07,-1.1496111288694206e-05,3.321498515902399e-20
unet_img_delta_s2026,GRA29_C20_25deg_particle2,rollout,p95,negative_current,512,-2.4730645900888798e-06,-6.174869855240513e-06,5.3143976254438374e-20
unet_img_delta_s2026,GRA29_C20_25deg_particle2,rollout,bright_frac90,negative_current,512,-3.70128145446711e-06,-4.504238614123663e-06,4.428664687869865e-21
unet_img_delta_s2026,GRA29_C20_25deg_particle3,rollout,mean,negative_current,512,-4.3222710213227454e-07,-6.368991112431614e-06,1.5500326407544526e-20
unet_img_delta_s2026,GRA29_C20_25deg_particle3,rollout,p95,negative_current,512,-4.6809114227357486e-06,-5.053343822325896e-06,1.771465875147946e-20
unet_img_delta_s2026,GRA29_C20_25deg_particle3,rollout,bright_frac90,negative_current,512,-5.566149357576111e-07,-1.8432409589727889e-06,1.3285994063609593e-20
unet_img_delta_s2026,GRA29_C20_25deg_particle4,rollout,mean,negative_current,512,-3.2073128809047886e-06,-1.445710173663624e-05,4.650097922263358e-20
unet_img_delta_s2026,GRA29_C20_25deg_particle4,rollout,p95,negative_current,512,-1.3223871864359145e-05,2.0410926127887746e-07,-7.085863500591784e-20
unet_img_delta_s2026,GRA29_C20_25deg_particle4,rollout,bright_frac90,negative_current,512,-6.284922566272294e-06,-8.227086155892492e-07,-2.2143323439349326e-21
unet_img_delta_s2026,GRA29_C20_45deg_particle1,rollout,mean,negative_current,487,-4.724146973201428e-07,-0.023423875262239286,0.0
unet_img_delta_s2026,GRA29_C20_45deg_particle1,rollout,p95,negative_current,487,-9.373561589182794e-07,-0.0029211697321958304,1.9090354101516748e-20
unet_img_delta_s2026,GRA29_C20_45deg_particle1,rollout,bright_frac90,negative_current,487,-1.0704233749227548e-06,-2.7360325854455737e-06,7.158882788068782e-21
unet_img_delta_s2026,GRA29_C20_45deg_particle2,rollout,mean,negative_current,487,-2.2971232605601453e-07,-2.2801315069600195e-05,-1.2528044879120367e-20
unet_img_delta_s2026,GRA29_C20_45deg_particle2,rollout,p95,negative_current,487,-1.0304791328802411e-06,-1.05730218287288e-05,-6.681623935530863e-20
unet_img_delta_s2026,GRA29_C20_45deg_particle2,rollout,bright_frac90,negative_current,487,-1.6286107522346768e-06,-4.97325963986971e-06,-5.965735656723984e-21
unet_img_delta_s2026,GRA29_C20_45deg_particle3,rollout,mean,negative_current,487,-1.417449923544496e-06,-7.38240193723587e-06,-1.4317765576137564e-20
unet_img_delta_s2026,GRA29_C20_45deg_particle3,rollout,p95,negative_current,487,-2.818570080096275e-06,-1.6372903435579997e-06,-9.545177050758374e-21
unet_img_delta_s2026,GRA29_C20_45deg_particle3,rollout,bright_frac90,negative_current,487,-1.3700851080559205e-06,-7.908710068413637e-07,0.0
unet_img_delta_s2026,GRA29_C20_45deg_particle4,rollout,mean,negative_current,487,-9.172341527055241e-07,-1.3466872045217717e-05,2.3862942626895936e-20
unet_img_delta_s2026,GRA29_C20_45deg_particle4,rollout,p95,negative_current,487,-5.803967104964865e-06,-8.50275761282367e-06,1.622680098628924e-19
unet_img_delta_s2026,GRA29_C20_45deg_particle4,rollout,bright_frac90,negative_current,487,-1.6752239710318365e-06,-2.8231514906604146e-06,-1.1931471313447968e-21
unet_multichannel_delta,GRA29_C20_25deg_particle1,next_frame,mean,positive_current,511,-1.996702514507647e-05,-1.976903549338036e-05,-1.9835324867848408e-05
unet_multichannel_delta,GRA29_C20_25deg_particle1,next_frame,mean,negative_current,2438,4.375683031457783e-05,4.373050146982213e-05,4.373526945865347e-05
unet_multichannel_delta,GRA29_C20_25deg_particle1,next_frame,p95,positive_current,511,-1.2962546148429928e-05,-1.2855961644793433e-05,-1.2920130688994267e-05
unet_multichannel_delta,GRA29_C20_25deg_particle1,next_frame,p95,negative_current,2438,6.419664538425853e-05,6.410173231119786e-05,6.417358680156727e-05
unet_multichannel_delta,GRA29_C20_25deg_particle1,next_frame,bright_frac90,positive_current,511,-2.044444984678814e-06,-2.0399104317600524e-06,-2.0313614031843724e-06
unet_multichannel_delta,GRA29_C20_25deg_particle1,next_frame,bright_frac90,negative_current,2438,1.4851539020030262e-05,1.4885954708985146e-05,1.485057496723625e-05
unet_multichannel_delta,GRA29_C20_25deg_particle2,next_frame,mean,positive_current,511,-2.0026451056343203e-05,-1.977173984067761e-05,-1.9867175950884726e-05
unet_multichannel_delta,GRA29_C20_25deg_particle2,next_frame,mean,negative_current,2438,4.067485856519537e-05,4.059933620393576e-05,4.065865344097267e-05
unet_multichannel_delta,GRA29_C20_25deg_particle2,next_frame,p95,positive_current,511,-1.1738809591846516e-05,-1.1944722816364726e-05,-1.179225893848736e-05
unet_multichannel_delta,GRA29_C20_25deg_particle2,next_frame,p95,negative_current,2438,6.605292083484213e-05,6.599525527129504e-05,6.604180059351031e-05
unet_multichannel_delta,GRA29_C20_25deg_particle2,next_frame,bright_frac90,positive_current,511,-3.3348023656179184e-06,-3.3074839828884103e-06,-3.3186779368776486e-06
unet_multichannel_delta,GRA29_C20_25deg_particle2,next_frame,bright_frac90,negative_current,2438,1.2801610168564676e-05,1.2812477392016354e-05,1.2800472338084111e-05
unet_multichannel_delta,GRA29_C20_25deg_particle3,next_frame,mean,positive_current,511,-3.2864755382220996e-05,-3.257225759607339e-05,-3.268168609922487e-05
unet_multichannel_delta,GRA29_C20_25deg_particle3,next_frame,mean,negative_current,2438,3.552622182790272e-05,3.541918164524774e-05,3.5509250746936345e-05
unet_multichannel_delta,GRA29_C20_25deg_particle3,next_frame,p95,positive_current,511,-3.437143730079904e-05,-3.3789501059799965e-05,-3.398275132352971e-05
unet_multichannel_delta,GRA29_C20_25deg_particle3,next_frame,p95,negative_current,2438,7.96740355193255e-05,7.946662920067704e-05,7.963806696279341e-05
unet_multichannel_delta,GRA29_C20_25deg_particle3,next_frame,bright_frac90,positive_current,511,-5.462551097727779e-06,-5.437679520228014e-06,-5.44525080843098e-06
unet_multichannel_delta,GRA29_C20_25deg_particle3,next_frame,bright_frac90,negative_current,2438,1.0597112172129189e-05,1.0589510392645357e-05,1.0593767470255353e-05
unet_multichannel_delta,GRA29_C20_25deg_particle4,next_frame,mean,positive_current,511,-8.004283920370054e-05,-7.929326658076923e-05,-7.954323266049126e-05
unet_multichannel_delta,GRA29_C20_25deg_particle4,next_frame,mean,negative_current,2438,4.3763509764405723e-05,4.322536452264978e-05,4.374501713832838e-05
unet_multichannel_delta,GRA29_C20_25deg_particle4,next_frame,p95,positive_current,511,-0.00012368450800351368,-0.00012205914210415444,-0.0001226730371275991
unet_multichannel_delta,GRA29_C20_25deg_particle4,next_frame,p95,negative_current,2438,8.021005037779977e-05,7.934180226817458e-05,8.017504679739006e-05
unet_multichannel_delta,GRA29_C20_25deg_particle4,next_frame,bright_frac90,positive_current,511,-1.3462353088974589e-05,-1.3366923918592693e-05,-1.3390941584308185e-05
unet_multichannel_delta,GRA29_C20_25deg_particle4,next_frame,bright_frac90,negative_current,2438,1.267520842172804e-05,1.261357261139901e-05,1.2671130657177407e-05
unet_multichannel_delta,GRA29_C20_45deg_particle1,next_frame,mean,positive_current,130,-1.7984515289979894e-06,-1.2248565562426265e-06,-1.7995116806573049e-06
unet_multichannel_delta,GRA29_C20_45deg_particle1,next_frame,mean,negative_current,2794,3.085781048692451e-05,3.085865369868981e-05,3.083991999956615e-05
unet_multichannel_delta,GRA29_C20_45deg_particle1,next_frame,p95,positive_current,130,-1.5962207440836842e-06,-2.1366905126238335e-06,-1.5770110951798393e-06
unet_multichannel_delta,GRA29_C20_45deg_particle1,next_frame,p95,negative_current,2794,5.096887277937159e-05,5.095751080561337e-05,5.0949612465667554e-05
unet_multichannel_delta,GRA29_C20_45deg_particle1,next_frame,bright_frac90,positive_current,130,6.568993234663773e-08,3.8074234389792885e-08,8.499191460079019e-08
unet_multichannel_delta,GRA29_C20_45deg_particle1,next_frame,bright_frac90,negative_current,2794,1.1511743175138112e-05,1.153581043443616e-05,1.1510829331512005e-05
unet_multichannel_delta,GRA29_C20_45deg_particle2,next_frame,mean,positive_current,130,-1.1739652852956379e-06,-7.169554951331827e-07,-1.1740172573721532e-06
unet_multichannel_delta,GRA29_C20_45deg_particle2,next_frame,mean,negative_current,2794,2.6199167912066143e-05,2.6201187501067317e-05,2.6186093039382547e-05
unet_multichannel_delta,GRA29_C20_45deg_particle2,next_frame,p95,positive_current,130,3.7760041123528185e-06,8.13048575338524e-06,3.895897601042791e-06
unet_multichannel_delta,GRA29_C20_45deg_particle2,next_frame,p95,negative_current,2794,4.519211695718556e-05,4.5189659865772934e-05,4.5173260052337496e-05
unet_multichannel_delta,GRA29_C20_45deg_particle2,next_frame,bright_frac90,positive_current,130,-5.023099683722474e-08,-8.094626470673373e-08,-6.134119933919376e-08
unet_multichannel_delta,GRA29_C20_45deg_particle2,next_frame,bright_frac90,negative_current,2794,1.041765600354639e-05,1.041635318871883e-05,1.0416921935595369e-05
unet_multichannel_delta,GRA29_C20_45deg_particle3,next_frame,mean,positive_current,130,-2.3755506530076087e-06,-2.3897238074626213e-06,-2.389822566839469e-06
unet_multichannel_delta,GRA29_C20_45deg_particle3,next_frame,mean,negative_current,2794,3.282283795937386e-05,3.275285541496034e-05,3.280711064274803e-05
unet_multichannel_delta,GRA29_C20_45deg_particle3,next_frame,p95,positive_current,130,1.6564618447392059e-06,1.0414825026777904e-05,1.6092501421312558e-06
unet_multichannel_delta,GRA29_C20_45deg_particle3,next_frame,p95,negative_current,2794,6.955119729271142e-05,6.941357897104656e-05,6.952166505557348e-05
unet_multichannel_delta,GRA29_C20_45deg_particle3,next_frame,bright_frac90,positive_current,130,-9.42358073083201e-07,-1.2210297511580767e-06,-9.311183800032299e-07
unet_multichannel_delta,GRA29_C20_45deg_particle3,next_frame,bright_frac90,negative_current,2794,1.105844520051928e-05,1.1056137617241926e-05,1.1054935330370819e-05
unet_multichannel_delta,GRA29_C20_45deg_particle4,next_frame,mean,positive_current,130,-1.1764593538342311e-05,-1.1514290580826108e-05,-1.1900953391613548e-05
unet_multichannel_delta,GRA29_C20_45deg_particle4,next_frame,mean,negative_current,2794,3.162726271033146e-05,3.116799445706349e-05,3.160682435870868e-05
unet_multichannel_delta,GRA29_C20_45deg_particle4,next_frame,p95,positive_current,130,-2.7804316708432016e-05,-2.0206436258717024e-05,-2.8402472302609942e-05
unet_multichannel_delta,GRA29_C20_45deg_particle4,next_frame,p95,negative_current,2794,7.124461229184384e-05,7.096598764327811e-05,7.120125444949397e-05
unet_multichannel_delta,GRA29_C20_45deg_particle4,next_frame,bright_frac90,positive_current,130,-7.468720029481563e-07,-8.214407229173418e-07,-7.459017276879111e-07
unet_multichannel_delta,GRA29_C20_45deg_particle4,next_frame,bright_frac90,negative_current,2794,8.233505063815039e-06,8.176698522262482e-06,8.230248866244606e-06
unet_multichannel_delta,GRA29_C20_25deg_particle1,rollout,mean,negative_current,512,3.65409893384446e-07,7.71989761813141e+24,2.325048961131679e-20
unet_multichannel_delta,GRA29_C20_25deg_particle1,rollout,p95,negative_current,512,7.310052861062411e-07,1.6961237783773962e+26,-6.20013056301781e-20
unet_multichannel_delta,GRA29_C20_25deg_particle1,rollout,bright_frac90,negative_current,512,8.139019526070584e-07,1.2391029076853694e-05,-6.642997031804797e-21
unet_multichannel_delta,GRA29_C20_25deg_particle2,rollout,mean,negative_current,512,2.354665671830219e-07,-1.9794139270701353e-05,3.321498515902399e-20
unet_multichannel_delta,GRA29_C20_25deg_particle2,rollout,p95,negative_current,512,-2.4730645900888798e-06,-8.660958222746213e-06,5.3143976254438374e-20
unet_multichannel_delta,GRA29_C20_25deg_particle2,rollout,bright_frac90,negative_current,512,-3.70128145446711e-06,-1.1092169071710023e-05,4.428664687869865e-21
unet_multichannel_delta,GRA29_C20_25deg_particle3,rollout,mean,negative_current,512,-4.3222710213227454e-07,-2.8782724427385656e+16,1.5500326407544526e-20
unet_multichannel_delta,GRA29_C20_25deg_particle3,rollout,p95,negative_current,512,-4.6809114227357486e-06,1.4706457003413874e+16,1.771465875147946e-20
unet_multichannel_delta,GRA29_C20_25deg_particle3,rollout,bright_frac90,negative_current,512,-5.566149357576111e-07,2.5516382284792585e-05,1.3285994063609593e-20
unet_multichannel_delta,GRA29_C20_25deg_particle4,rollout,mean,negative_current,512,-3.2073128809047886e-06,-1.5107500846219124e-05,4.650097922263358e-20
unet_multichannel_delta,GRA29_C20_25deg_particle4,rollout,p95,negative_current,512,-1.3223871864359145e-05,8.860077338896319e-06,-7.085863500591784e-20
unet_multichannel_delta,GRA29_C20_25deg_particle4,rollout,bright_frac90,negative_current,512,-6.284922566272294e-06,1.4518016993448287e-06,-2.2143323439349326e-21
unet_multichannel_delta,GRA29_C20_45deg_particle1,rollout,mean,negative_current,487,-4.724146973201428e-07,-1.7504286904169974e+26,0.0
unet_multichannel_delta,GRA29_C20_45deg_particle1,rollout,p95,negative_current,487,-9.373561589182794e-07,3.612455563928132e+26,1.9090354101516748e-20
unet_multichannel_delta,GRA29_C20_45deg_particle1,rollout,bright_frac90,negative_current,487,-1.0704233749227548e-06,1.2644873456312545e-05,7.158882788068782e-21
unet_multichannel_delta,GRA29_C20_45deg_particle2,rollout,mean,negative_current,487,-2.2971232605601453e-07,-3.766285643453181e-05,-1.2528044879120367e-20
unet_multichannel_delta,GRA29_C20_45deg_particle2,rollout,p95,negative_current,487,-1.0304791328802411e-06,-5.579841991893653e-06,-6.681623935530863e-20
unet_multichannel_delta,GRA29_C20_45deg_particle2,rollout,bright_frac90,negative_current,487,-1.6286107522346768e-06,-8.159487693010058e-06,-5.965735656723984e-21
unet_multichannel_delta,GRA29_C20_45deg_particle3,rollout,mean,negative_current,487,-1.417449923544496e-06,-1.7773573284895884e-05,-1.4317765576137564e-20
unet_multichannel_delta,GRA29_C20_45deg_particle3,rollout,p95,negative_current,487,-2.818570080096275e-06,-6.708194994401662e-07,-9.545177050758374e-21
unet_multichannel_delta,GRA29_C20_45deg_particle3,rollout,bright_frac90,negative_current,487,-1.3700851080559205e-06,-8.627039166078792e-07,0.0
unet_multichannel_delta,GRA29_C20_45deg_particle4,rollout,mean,negative_current,487,-9.172341527055241e-07,-6.978133547684666e-06,2.3862942626895936e-20
unet_multichannel_delta,GRA29_C20_45deg_particle4,rollout,p95,negative_current,487,-5.803967104964865e-06,2.270237268956939e-05,1.622680098628924e-19
unet_multichannel_delta,GRA29_C20_45deg_particle4,rollout,bright_frac90,negative_current,487,-1.6752239710318365e-06,3.9671513821730665e-06,-1.1931471313447968e-21
walrus_native,GRA29_C20_45deg_particle1,next_frame,mean,positive_current,21,-5.703442323186224e-06,-9.292220314538373e-07,-9.416909588844731e-07
walrus_native,GRA29_C20_45deg_particle1,next_frame,mean,negative_current,465,3.0899909094528e-05,3.088233228924873e-05,3.0879332426798125e-05
walrus_native,GRA29_C20_45deg_particle1,next_frame,p95,positive_current,21,-7.717185160704782e-07,-1.1720658706918633e-06,-2.1389841531688147e-06
walrus_native,GRA29_C20_45deg_particle1,next_frame,p95,negative_current,465,5.104338698354282e-05,5.099949917944128e-05,5.101856765534027e-05
walrus_native,GRA29_C20_45deg_particle1,next_frame,bright_frac90,positive_current,21,1.5701747256325438e-06,-1.455629287003379e-07,-1.3361975037761385e-07
walrus_native,GRA29_C20_45deg_particle1,next_frame,bright_frac90,negative_current,465,1.1529860540392592e-05,1.1484315030953856e-05,1.1527479062965722e-05
walrus_native,GRA29_C20_45deg_particle2,next_frame,mean,positive_current,21,-8.262540867157993e-06,3.7150167627484806e-07,3.4173912779569486e-07
walrus_native,GRA29_C20_45deg_particle2,next_frame,mean,negative_current,465,2.6239356731170876e-05,2.6227601629050576e-05,2.6222231624184443e-05
walrus_native,GRA29_C20_45deg_particle2,next_frame,p95,positive_current,21,2.4310885906694272e-05,-2.237005400654743e-08,-5.472332020116406e-08
walrus_native,GRA29_C20_45deg_particle2,next_frame,p95,negative_current,465,4.526370027685946e-05,4.52405577998535e-05,4.5239369885938114e-05
walrus_native,GRA29_C20_45deg_particle2,next_frame,bright_frac90,positive_current,21,-3.0948047293145483e-06,4.0747411109224614e-07,2.7875235049792814e-07
walrus_native,GRA29_C20_45deg_particle2,next_frame,bright_frac90,negative_current,465,1.0435498537048247e-05,1.0393071890529019e-05,1.0434092620989566e-05
walrus_native,GRA29_C20_45deg_particle3,next_frame,mean,positive_current,21,-6.6054348494402445e-06,-1.5210028291982895e-06,-1.5313161930225114e-06
walrus_native,GRA29_C20_45deg_particle3,next_frame,mean,negative_current,465,3.288226088914856e-05,3.285704847904989e-05,3.286103186699279e-05
walrus_native,GRA29_C20_45deg_particle3,next_frame,p95,positive_current,21,1.0392024097496207e-05,4.282918963924687e-07,4.527491212209755e-08
walrus_native,GRA29_C20_45deg_particle3,next_frame,p95,negative_current,465,6.966742822423866e-05,6.96420760992727e-05,6.963931748077992e-05
walrus_native,GRA29_C20_45deg_particle3,next_frame,bright_frac90,positive_current,21,-3.786595281709948e-06,-4.4465534803271826e-07,-3.2266327356206265e-07
walrus_native,GRA29_C20_45deg_particle3,next_frame,bright_frac90,negative_current,465,1.1077139151456697e-05,1.1069727271703974e-05,1.1072470892932271e-05
walrus_native,GRA29_C20_45deg_particle4,next_frame,mean,positive_current,21,-6.503375719915234e-05,-2.4858970354335167e-06,-2.517492861877816e-06
walrus_native,GRA29_C20_45deg_particle4,next_frame,mean,negative_current,465,3.167229437565985e-05,3.165995659649868e-05,3.1656768787790024e-05
walrus_native,GRA29_C20_45deg_particle4,next_frame,p95,positive_current,21,-0.00018250739253607653,1.1183426185561211e-07,7.523199295698112e-07
walrus_native,GRA29_C20_45deg_particle4,next_frame,p95,negative_current,465,7.133343994475432e-05,7.133052202627877e-05,7.131536213159156e-05
walrus_native,GRA29_C20_45deg_particle4,next_frame,bright_frac90,positive_current,21,-3.2718959057655283e-06,-4.0064240692325407e-07,-4.412768282314461e-07
walrus_native,GRA29_C20_45deg_particle4,next_frame,bright_frac90,negative_current,465,8.246470689515137e-06,8.23750126642395e-06,8.247110079938362e-06
walrus_native,GRA29_C20_45deg_particle1,rollout_anchored,mean,positive_current,486,-8.904151685296403e-06,9.21179133315319e-05,9.211591118084803e-05
walrus_native,GRA29_C20_45deg_particle1,rollout_anchored,p95,positive_current,486,-6.127641049137314e-06,0.00013737291510248305,0.00013734373645322442
walrus_native,GRA29_C20_45deg_particle1,rollout_anchored,bright_frac90,positive_current,486,-1.8347620021130808e-06,2.8475194057198958e-05,2.8608138852886584e-05
walrus_native,GRA29_C20_45deg_particle2,rollout_anchored,mean,positive_current,486,-2.4725692836030048e-06,9.021596909688934e-05,9.021728623516286e-05
walrus_native,GRA29_C20_45deg_particle2,rollout_anchored,p95,positive_current,486,4.10746569008205e-07,0.00015299551126714435,0.00015305698609282753
walrus_native,GRA29_C20_45deg_particle2,rollout_anchored,bright_frac90,positive_current,486,-2.454136007408475e-07,1.9147367378082618e-05,1.9250825323848055e-05
walrus_native,GRA29_C20_45deg_particle3,rollout_anchored,mean,positive_current,486,-4.664262405220015e-05,9.56032299528505e-05,9.560292403114798e-05
walrus_native,GRA29_C20_45deg_particle3,rollout_anchored,p95,positive_current,486,-4.185410632329694e-05,0.00011959365027418761,0.00011958435764555373
walrus_native,GRA29_C20_45deg_particle3,rollout_anchored,bright_frac90,positive_current,486,-4.13156515622397e-06,1.4081807671040374e-05,1.4073203944542024e-05
walrus_native,GRA29_C20_45deg_particle4,rollout_anchored,mean,positive_current,486,-3.2397967901656835e-05,0.00010223934284586706,0.00010223965252340268
walrus_native,GRA29_C20_45deg_particle4,rollout_anchored,p95,positive_current,486,-5.4905767322851456e-09,0.00012222621870506807,0.00012221518079410013
walrus_native,GRA29_C20_45deg_particle4,rollout_anchored,bright_frac90,positive_current,486,-4.966099839430361e-07,1.335801163131809e-05,1.3378066561811714e-05
walrus_native_corrected,GRA29_C20_45deg_particle1,rollout_anchored,mean,positive_current,486,-8.904151685296403e-06,9.21179133315319e-05,1.3393696362946118e-19
walrus_native_corrected,GRA29_C20_45deg_particle1,rollout_anchored,p95,positive_current,486,-6.127641049137314e-06,0.00013737291510248305,-2.296062233647906e-19
walrus_native_corrected,GRA29_C20_45deg_particle1,rollout_anchored,bright_frac90,positive_current,486,-1.8347620021130808e-06,2.8475194057198958e-05,-1.1958657466916176e-21
walrus_native_corrected,GRA29_C20_45deg_particle2,rollout_anchored,mean,positive_current,486,-2.4725692836030048e-06,9.021596909688934e-05,1.148031116823953e-19
walrus_native_corrected,GRA29_C20_45deg_particle2,rollout_anchored,p95,positive_current,486,4.10746569008205e-07,0.00015299551126714435,-2.296062233647906e-19
walrus_native_corrected,GRA29_C20_45deg_particle2,rollout_anchored,bright_frac90,positive_current,486,-2.454136007408475e-07,1.9147367378082618e-05,2.03297176937575e-20
walrus_native_corrected,GRA29_C20_45deg_particle3,rollout_anchored,mean,positive_current,486,-4.664262405220015e-05,9.56032299528505e-05,3.6354318699425175e-19
walrus_native_corrected,GRA29_C20_45deg_particle3,rollout_anchored,p95,positive_current,486,-4.185410632329694e-05,0.00011959365027418761,-3.8267703894131763e-20
walrus_native_corrected,GRA29_C20_45deg_particle3,rollout_anchored,bright_frac90,positive_current,486,-4.13156515622397e-06,1.4081807671040374e-05,2.3917314933832352e-21
walrus_native_corrected,GRA29_C20_45deg_particle4,rollout_anchored,mean,positive_current,486,-3.2397967901656835e-05,0.00010223934284586706,-3.8267703894131763e-20
walrus_native_corrected,GRA29_C20_45deg_particle4,rollout_anchored,p95,positive_current,486,-5.4905767322851456e-09,0.00012222621870506807,8.418894856708988e-19
walrus_native_corrected,GRA29_C20_45deg_particle4,rollout_anchored,bright_frac90,positive_current,486,-4.966099839430361e-07,1.335801163131809e-05,5.979328733458088e-21
