claim_id,manuscript_claim,evidence_artifact,generating_code,scope_guardrail
C1,"15/24 fresh next-frame configurations beat persistence; best ratio 0.811",artifacts/v5_matched_grid_summary.json,analysis/summarize_matched_grid.py,"unweighted means over four paired 45deg movies; same-particle temperature transfer"
C2,"0/24 configuration means beat persistence at 32, 128, 256, or 512 recursive steps; 5/96 particle rollouts become non-finite",artifacts/v5_matched_grid_validation.json,analysis/validate_matched_grid.py,"all failures retained; fixed last-observation persistence; cumulative horizon ratios"
C3,"protocol shuffle changes next-frame ratio by +0.467 while delay changes it by +0.004",artifacts/protocol_interventions.json,analysis/summarize_protocol_interventions.py,"inference-only ConvLSTM intervention; responsiveness not causality"
C4,"RFT reduces but does not remove anchored rollout drift",artifacts/corrected_analysis/macro_trend.csv,analysis/physics_metrics.py,"movie-level bucket means; four held-out movies"
C5,"corrected native WALRUS anchored-rollout mean ratio is 12.61",results/out/walrus_native_corrected/rollout_anchored/repair_summary.json,analysis/repair_walrus_rollout_baseline.py,"unchanged predictions and targets; fixed last-observation persistence"
C6,"shared bright-fraction calibration and absolute timestamp alignment",artifacts/corrected_analysis/macro_trend.csv,analysis/physics_metrics.py,"uncalibrated optical proxy only"
C7,"fresh-run seed and particle-4 robustness",results/corrected_summaries,analysis/make_lopo_seed_tables.py,"secondary robustness checks; not a variance estimate or causal temperature decomposition"
C8,"paired-training-reference scaling leaves one-frame skill and 512-step failure unchanged for U-Net and PredRNN++",artifacts/v5_normalization_sensitivity.json,train/eval_normalization_sensitivity.py,"approximate float16 replay; representative models only; not a prospective source-HDF5 rebuild"
C9,"Walrus projection-only fitting improves validation MAE but not held-out one-frame persistence ratio",artifacts/v5_walrus_projection_probe.json,analysis/validate_walrus_projection_probe.py,"720898 new intensity-projection entries only; pretrained entries hash-verified unchanged; no fitted rollout"
